Using pre-set license
Built from '2022.3/staging' branch; Version is '2022.3.56f1 (dd0c98481d00) revision 14486680'; Using compiler version '192829333'; Build Type 'Release'
OS: 'Windows 11  (10.0.26100) 64bit CoreSingleLanguage' Language: 'es' Physical Memory: 8029 MB
BatchMode: 1, IsHumanControllingUs: 0, StartBugReporterOnCrash: 0, Is64bit: 1, IsPro: 1

COMMAND LINE ARGUMENTS:
C:\Program Files\Unity\Hub\Editor\2022.3.56f1\Editor\Unity.exe
-adb2
-batchMode
-noUpm
-name
AssetImportWorker5
-projectPath
C:/Juan Camilo/2024/UAO/ASIGNATURAS/SEMESTRE_5/Computación Gráfica/Unity/juego_terror/THE MADNESS - copia
-logFile
Logs/AssetImportWorker5.log
-srvPort
61723
Successfully changed project path to: C:/Juan Camilo/2024/UAO/ASIGNATURAS/SEMESTRE_5/Computación Gráfica/Unity/juego_terror/THE MADNESS - copia
C:/Juan Camilo/2024/UAO/ASIGNATURAS/SEMESTRE_5/Computación Gráfica/Unity/juego_terror/THE MADNESS - copia
[UnityMemory] Configuration Parameters - Can be set up in boot.config
    "memorysetup-bucket-allocator-granularity=16"
    "memorysetup-bucket-allocator-bucket-count=8"
    "memorysetup-bucket-allocator-block-size=33554432"
    "memorysetup-bucket-allocator-block-count=8"
    "memorysetup-main-allocator-block-size=16777216"
    "memorysetup-thread-allocator-block-size=16777216"
    "memorysetup-gfx-main-allocator-block-size=16777216"
    "memorysetup-gfx-thread-allocator-block-size=16777216"
    "memorysetup-cache-allocator-block-size=4194304"
    "memorysetup-typetree-allocator-block-size=2097152"
    "memorysetup-profiler-bucket-allocator-granularity=16"
    "memorysetup-profiler-bucket-allocator-bucket-count=8"
    "memorysetup-profiler-bucket-allocator-block-size=33554432"
    "memorysetup-profiler-bucket-allocator-block-count=8"
    "memorysetup-profiler-allocator-block-size=16777216"
    "memorysetup-profiler-editor-allocator-block-size=1048576"
    "memorysetup-temp-allocator-size-main=16777216"
    "memorysetup-job-temp-allocator-block-size=2097152"
    "memorysetup-job-temp-allocator-block-size-background=1048576"
    "memorysetup-job-temp-allocator-reduction-small-platforms=262144"
    "memorysetup-allocator-temp-initial-block-size-main=262144"
    "memorysetup-allocator-temp-initial-block-size-worker=262144"
    "memorysetup-temp-allocator-size-background-worker=32768"
    "memorysetup-temp-allocator-size-job-worker=262144"
    "memorysetup-temp-allocator-size-preload-manager=33554432"
    "memorysetup-temp-allocator-size-nav-mesh-worker=65536"
    "memorysetup-temp-allocator-size-audio-worker=65536"
    "memorysetup-temp-allocator-size-cloud-worker=32768"
    "memorysetup-temp-allocator-size-gi-baking-worker=262144"
    "memorysetup-temp-allocator-size-gfx=262144"
Player connection [26548]  Target information:

Player connection [26548]  * "[IP] 172.16.0.2 [Port] 0 [Flags] 2 [Guid] 4056950908 [EditorId] 4056950908 [Version] 1048832 [Id] WindowsEditor(7,MBAPPE07) [Debug] 1 [PackageName] WindowsEditor [ProjectName] Editor" 

Player connection [26548]  * "[IP] 11.11.3.93 [Port] 0 [Flags] 2 [Guid] 4056950908 [EditorId] 4056950908 [Version] 1048832 [Id] WindowsEditor(7,MBAPPE07) [Debug] 1 [PackageName] WindowsEditor [ProjectName] Editor" 

Player connection [26548] Host joined multi-casting on [225.0.0.222:54997]...
Player connection [26548] Host joined alternative multi-casting on [225.0.0.222:34997]...
Input System module state changed to: Initialized.
[PhysX] Initialized MultithreadedTaskDispatcher with 8 workers.
Refreshing native plugins compatible for Editor in 196.21 ms, found 3 plugins.
Preloading 0 native plugins for Editor in 0.00 ms.
Initialize engine version: 2022.3.56f1 (dd0c98481d00)
[Subsystems] Discovering subsystems at path C:/Program Files/Unity/Hub/Editor/2022.3.56f1/Editor/Data/Resources/UnitySubsystems
[Subsystems] Discovering subsystems at path C:/Juan Camilo/2024/UAO/ASIGNATURAS/SEMESTRE_5/Computación Gráfica/Unity/juego_terror/THE MADNESS - copia/Assets
GfxDevice: creating device client; threaded=0; jobified=0
Direct3D:
    Version:  Direct3D 11.0 [level 11.1]
    Renderer: NVIDIA GeForce GTX 1650 (ID=0x1f99)
    Vendor:   NVIDIA
    VRAM:     3937 MB
    Driver:   32.0.15.5597
Initialize mono
Mono path[0] = 'C:/Program Files/Unity/Hub/Editor/2022.3.56f1/Editor/Data/Managed'
Mono path[1] = 'C:/Program Files/Unity/Hub/Editor/2022.3.56f1/Editor/Data/MonoBleedingEdge/lib/mono/unityjit-win32'
Mono config path = 'C:/Program Files/Unity/Hub/Editor/2022.3.56f1/Editor/Data/MonoBleedingEdge/etc'
Using monoOptions --debugger-agent=transport=dt_socket,embedding=1,server=y,suspend=n,address=127.0.0.1:56188
Begin MonoManager ReloadAssembly
Registering precompiled unity dll's ...
Register platform support module: C:/Program Files/Unity/Hub/Editor/2022.3.56f1/Editor/Data/PlaybackEngines/WebGLSupport/UnityEditor.WebGL.Extensions.dll
Register platform support module: C:/Program Files/Unity/Hub/Editor/2022.3.56f1/Editor/Data/PlaybackEngines/WindowsStandaloneSupport/UnityEditor.WindowsStandalone.Extensions.dll
Register platform support module: C:/Program Files/Unity/Hub/Editor/2022.3.56f1/Editor/Data/PlaybackEngines/MetroSupport/UnityEditor.UWP.Extensions.dll
Registered in 0.121709 seconds.
- Loaded All Assemblies, in  2.059 seconds
Native extension for UWP target not found
Native extension for WindowsStandalone target not found
Native extension for WebGL target not found
Mono: successfully reloaded assembly
- Finished resetting the current domain, in  1.508 seconds
Domain Reload Profiling: 3550ms
	BeginReloadAssembly (751ms)
		ExecutionOrderSort (0ms)
		DisableScriptedObjects (0ms)
		BackupInstance (0ms)
		ReleaseScriptingObjects (0ms)
		CreateAndSetChildDomain (5ms)
	RebuildCommonClasses (164ms)
	RebuildNativeTypeToScriptingClass (42ms)
	initialDomainReloadingComplete (398ms)
	LoadAllAssembliesAndSetupDomain (685ms)
		LoadAssemblies (731ms)
		RebuildTransferFunctionScriptingTraits (0ms)
		AnalyzeDomain (672ms)
			TypeCache.Refresh (667ms)
				TypeCache.ScanAssembly (606ms)
			ScanForSourceGeneratedMonoScriptInfo (2ms)
			ResolveRequiredComponents (2ms)
	FinalizeReload (1509ms)
		ReleaseScriptCaches (0ms)
		RebuildScriptCaches (0ms)
		SetupLoadedEditorAssemblies (1283ms)
			LogAssemblyErrors (0ms)
			InitializePlatformSupportModulesInManaged (70ms)
			SetLoadedEditorAssemblies (35ms)
			RefreshPlugins (0ms)
			BeforeProcessingInitializeOnLoad (15ms)
			ProcessInitializeOnLoadAttributes (926ms)
			ProcessInitializeOnLoadMethodAttributes (237ms)
			AfterProcessingInitializeOnLoad (0ms)
			EditorAssembliesLoaded (0ms)
		ExecutionOrderSort2 (0ms)
		AwakeInstancesAfterBackupRestoration (0ms)
========================================================================
Worker process is ready to serve import requests
Caller must complete domain reload
Begin MonoManager ReloadAssembly
- Loaded All Assemblies, in  2.959 seconds
Native extension for UWP target not found
Native extension for WindowsStandalone target not found
Native extension for WebGL target not found
Mono: successfully reloaded assembly
- Finished resetting the current domain, in  3.182 seconds
Domain Reload Profiling: 6112ms
	BeginReloadAssembly (634ms)
		ExecutionOrderSort (0ms)
		DisableScriptedObjects (26ms)
		BackupInstance (0ms)
		ReleaseScriptingObjects (0ms)
		CreateAndSetChildDomain (63ms)
	RebuildCommonClasses (126ms)
	RebuildNativeTypeToScriptingClass (34ms)
	initialDomainReloadingComplete (181ms)
	LoadAllAssembliesAndSetupDomain (1954ms)
		LoadAssemblies (1658ms)
		RebuildTransferFunctionScriptingTraits (0ms)
		AnalyzeDomain (702ms)
			TypeCache.Refresh (584ms)
				TypeCache.ScanAssembly (532ms)
			ScanForSourceGeneratedMonoScriptInfo (78ms)
			ResolveRequiredComponents (36ms)
	FinalizeReload (3184ms)
		ReleaseScriptCaches (0ms)
		RebuildScriptCaches (0ms)
		SetupLoadedEditorAssemblies (2591ms)
			LogAssemblyErrors (0ms)
			InitializePlatformSupportModulesInManaged (44ms)
			SetLoadedEditorAssemblies (16ms)
			RefreshPlugins (0ms)
			BeforeProcessingInitializeOnLoad (407ms)
			ProcessInitializeOnLoadAttributes (1703ms)
			ProcessInitializeOnLoadMethodAttributes (314ms)
			AfterProcessingInitializeOnLoad (105ms)
			EditorAssembliesLoaded (1ms)
		ExecutionOrderSort2 (0ms)
		AwakeInstancesAfterBackupRestoration (42ms)
Launched and connected shader compiler UnityShaderCompiler.exe after 0.40 seconds
Refreshing native plugins compatible for Editor in 91.52 ms, found 3 plugins.
Preloading 0 native plugins for Editor in 0.00 ms.
Unloading 5104 Unused Serialized files (Serialized files now loaded: 0)
Unloading 36 unused Assets / (2.1 MB). Loaded Objects now: 5558.
Memory consumption went from 219.0 MB to 217.0 MB.
Total: 18.745500 ms (FindLiveObjects: 2.814000 ms CreateObjectMapping: 1.350400 ms MarkObjects: 12.423900 ms  DeleteObjects: 2.153000 ms)

AssetImportParameters requested are different than current active one (requested -> active):
  custom:container-demuxer-ogg: 62fdf1f143b41e24485cea50d1cbac27 -> 
  custom:video-codec-MediaFoundation-h265: 746d11721c4dcdbdad8f713fa42b33f4 -> 
  custom:video-decoder-ogg-theora: a1e56fd34408186e4bbccfd4996cb3dc -> 
  custom:framework-win-MediaFoundation: 216162199b28c13a410421893ffa2e32 -> 
  custom:CustomObjectIndexerAttribute: 3ead1caaecf1c488f20bcfeb224b6af5 -> 
  custom:container-demuxer-webm: 4f35f7cbe854078d1ac9338744f61a02 -> 
  custom:container-muxer-webm: aa71ff27fc2769a1b78a27578f13a17b -> 
  custom:video-decoder-webm-vp8: 9c59270c3fd7afecdb556c50c9e8de78 -> 
  custom:SearchIndexIgnoredProperties: e643bd26f0fe6173181afceb89e7c659 -> 
  custom:AudioImporter_EditorPlatform: d09bf68614088b80899f8185d706f6e7 -> 
  custom:video-encoder-webm-vp8: eb34c28f22e8b96e1ab97ce403110664 -> 
  custom:audio-decoder-ogg-vorbis: bf7c407c2cedff20999df2af8eb42d56 -> 
  custom:audio-encoder-webm-vorbis: bf7c407c2cedff20999df2af8eb42d56 -> 
========================================================================
Received Prepare
Caller must complete domain reload
Begin MonoManager ReloadAssembly
- Loaded All Assemblies, in  2.961 seconds
Native extension for UWP target not found
Native extension for WindowsStandalone target not found
Native extension for WebGL target not found
Mono: successfully reloaded assembly
- Finished resetting the current domain, in  8.738 seconds
Domain Reload Profiling: 11671ms
	BeginReloadAssembly (894ms)
		ExecutionOrderSort (0ms)
		DisableScriptedObjects (41ms)
		BackupInstance (0ms)
		ReleaseScriptingObjects (0ms)
		CreateAndSetChildDomain (280ms)
	RebuildCommonClasses (153ms)
	RebuildNativeTypeToScriptingClass (54ms)
	initialDomainReloadingComplete (176ms)
	LoadAllAssembliesAndSetupDomain (1653ms)
		LoadAssemblies (1986ms)
		RebuildTransferFunctionScriptingTraits (0ms)
		AnalyzeDomain (79ms)
			TypeCache.Refresh (29ms)
				TypeCache.ScanAssembly (0ms)
			ScanForSourceGeneratedMonoScriptInfo (1ms)
			ResolveRequiredComponents (44ms)
	FinalizeReload (8741ms)
		ReleaseScriptCaches (0ms)
		RebuildScriptCaches (0ms)
		SetupLoadedEditorAssemblies (1961ms)
			LogAssemblyErrors (0ms)
			InitializePlatformSupportModulesInManaged (55ms)
			SetLoadedEditorAssemblies (17ms)
			RefreshPlugins (0ms)
			BeforeProcessingInitializeOnLoad (371ms)
			ProcessInitializeOnLoadAttributes (1201ms)
			ProcessInitializeOnLoadMethodAttributes (242ms)
			AfterProcessingInitializeOnLoad (75ms)
			EditorAssembliesLoaded (1ms)
		ExecutionOrderSort2 (0ms)
		AwakeInstancesAfterBackupRestoration (90ms)
Refreshing native plugins compatible for Editor in 27.71 ms, found 3 plugins.
Preloading 0 native plugins for Editor in 0.00 ms.
Unloading 4908 Unused Serialized files (Serialized files now loaded: 0)
Unloading 31 unused Assets / (2.0 MB). Loaded Objects now: 5562.
Memory consumption went from 182.7 MB to 180.6 MB.
Total: 12.460800 ms (FindLiveObjects: 1.191600 ms CreateObjectMapping: 1.066800 ms MarkObjects: 8.504600 ms  DeleteObjects: 1.694800 ms)

Prepare: number of updated asset objects reloaded= 0
AssetImportParameters requested are different than current active one (requested -> active):
  custom:container-demuxer-ogg: 62fdf1f143b41e24485cea50d1cbac27 -> 
  custom:video-codec-MediaFoundation-h265: 746d11721c4dcdbdad8f713fa42b33f4 -> 
  custom:video-decoder-ogg-theora: a1e56fd34408186e4bbccfd4996cb3dc -> 
  custom:framework-win-MediaFoundation: 216162199b28c13a410421893ffa2e32 -> 
  custom:CustomObjectIndexerAttribute: 3ead1caaecf1c488f20bcfeb224b6af5 -> 
  custom:container-demuxer-webm: 4f35f7cbe854078d1ac9338744f61a02 -> 
  custom:container-muxer-webm: aa71ff27fc2769a1b78a27578f13a17b -> 
  custom:video-decoder-webm-vp8: 9c59270c3fd7afecdb556c50c9e8de78 -> 
  custom:SearchIndexIgnoredProperties: e643bd26f0fe6173181afceb89e7c659 -> 
  custom:AudioImporter_EditorPlatform: d09bf68614088b80899f8185d706f6e7 -> 
  custom:video-encoder-webm-vp8: eb34c28f22e8b96e1ab97ce403110664 -> 
  custom:audio-decoder-ogg-vorbis: bf7c407c2cedff20999df2af8eb42d56 -> 
  custom:audio-encoder-webm-vorbis: bf7c407c2cedff20999df2af8eb42d56 -> 
========================================================================
Received Prepare
Caller must complete domain reload
Begin MonoManager ReloadAssembly
- Loaded All Assemblies, in  2.103 seconds
Native extension for UWP target not found
Native extension for WindowsStandalone target not found
Native extension for WebGL target not found
Mono: successfully reloaded assembly
- Finished resetting the current domain, in  6.234 seconds
Domain Reload Profiling: 8309ms
	BeginReloadAssembly (661ms)
		ExecutionOrderSort (0ms)
		DisableScriptedObjects (21ms)
		BackupInstance (0ms)
		ReleaseScriptingObjects (0ms)
		CreateAndSetChildDomain (107ms)
	RebuildCommonClasses (132ms)
	RebuildNativeTypeToScriptingClass (42ms)
	initialDomainReloadingComplete (153ms)
	LoadAllAssembliesAndSetupDomain (1084ms)
		LoadAssemblies (1436ms)
		RebuildTransferFunctionScriptingTraits (0ms)
		AnalyzeDomain (66ms)
			TypeCache.Refresh (17ms)
				TypeCache.ScanAssembly (0ms)
			ScanForSourceGeneratedMonoScriptInfo (1ms)
			ResolveRequiredComponents (46ms)
	FinalizeReload (6236ms)
		ReleaseScriptCaches (0ms)
		RebuildScriptCaches (0ms)
		SetupLoadedEditorAssemblies (2065ms)
			LogAssemblyErrors (0ms)
			InitializePlatformSupportModulesInManaged (54ms)
			SetLoadedEditorAssemblies (16ms)
			RefreshPlugins (0ms)
			BeforeProcessingInitializeOnLoad (397ms)
			ProcessInitializeOnLoadAttributes (1276ms)
			ProcessInitializeOnLoadMethodAttributes (264ms)
			AfterProcessingInitializeOnLoad (57ms)
			EditorAssembliesLoaded (1ms)
		ExecutionOrderSort2 (0ms)
		AwakeInstancesAfterBackupRestoration (67ms)
Refreshing native plugins compatible for Editor in 68.14 ms, found 3 plugins.
Preloading 0 native plugins for Editor in 0.00 ms.
Unloading 4908 Unused Serialized files (Serialized files now loaded: 0)
Unloading 31 unused Assets / (2.0 MB). Loaded Objects now: 5566.
Memory consumption went from 182.7 MB to 180.7 MB.
Total: 31.973700 ms (FindLiveObjects: 1.259100 ms CreateObjectMapping: 1.296000 ms MarkObjects: 28.306800 ms  DeleteObjects: 1.107600 ms)

Prepare: number of updated asset objects reloaded= 0
AssetImportParameters requested are different than current active one (requested -> active):
  custom:container-demuxer-ogg: 62fdf1f143b41e24485cea50d1cbac27 -> 
  custom:video-codec-MediaFoundation-h265: 746d11721c4dcdbdad8f713fa42b33f4 -> 
  custom:video-decoder-ogg-theora: a1e56fd34408186e4bbccfd4996cb3dc -> 
  custom:framework-win-MediaFoundation: 216162199b28c13a410421893ffa2e32 -> 
  custom:CustomObjectIndexerAttribute: 3ead1caaecf1c488f20bcfeb224b6af5 -> 
  custom:container-demuxer-webm: 4f35f7cbe854078d1ac9338744f61a02 -> 
  custom:container-muxer-webm: aa71ff27fc2769a1b78a27578f13a17b -> 
  custom:video-decoder-webm-vp8: 9c59270c3fd7afecdb556c50c9e8de78 -> 
  custom:SearchIndexIgnoredProperties: e643bd26f0fe6173181afceb89e7c659 -> 
  custom:AudioImporter_EditorPlatform: d09bf68614088b80899f8185d706f6e7 -> 
  custom:video-encoder-webm-vp8: eb34c28f22e8b96e1ab97ce403110664 -> 
  custom:audio-decoder-ogg-vorbis: bf7c407c2cedff20999df2af8eb42d56 -> 
  custom:audio-encoder-webm-vorbis: bf7c407c2cedff20999df2af8eb42d56 -> 
========================================================================
Received Prepare
Caller must complete domain reload
Begin MonoManager ReloadAssembly
- Loaded All Assemblies, in  2.928 seconds
Native extension for UWP target not found
Native extension for WindowsStandalone target not found
Native extension for WebGL target not found
Mono: successfully reloaded assembly
- Finished resetting the current domain, in  7.900 seconds
Domain Reload Profiling: 10802ms
	BeginReloadAssembly (805ms)
		ExecutionOrderSort (0ms)
		DisableScriptedObjects (25ms)
		BackupInstance (0ms)
		ReleaseScriptingObjects (0ms)
		CreateAndSetChildDomain (201ms)
	RebuildCommonClasses (131ms)
	RebuildNativeTypeToScriptingClass (48ms)
	initialDomainReloadingComplete (169ms)
	LoadAllAssembliesAndSetupDomain (1748ms)
		LoadAssemblies (2080ms)
		RebuildTransferFunctionScriptingTraits (0ms)
		AnalyzeDomain (105ms)
			TypeCache.Refresh (29ms)
				TypeCache.ScanAssembly (0ms)
			ScanForSourceGeneratedMonoScriptInfo (1ms)
			ResolveRequiredComponents (71ms)
	FinalizeReload (7901ms)
		ReleaseScriptCaches (0ms)
		RebuildScriptCaches (0ms)
		SetupLoadedEditorAssemblies (1973ms)
			LogAssemblyErrors (0ms)
			InitializePlatformSupportModulesInManaged (51ms)
			SetLoadedEditorAssemblies (19ms)
			RefreshPlugins (0ms)
			BeforeProcessingInitializeOnLoad (362ms)
			ProcessInitializeOnLoadAttributes (1164ms)
			ProcessInitializeOnLoadMethodAttributes (306ms)
			AfterProcessingInitializeOnLoad (70ms)
			EditorAssembliesLoaded (1ms)
		ExecutionOrderSort2 (0ms)
		AwakeInstancesAfterBackupRestoration (77ms)
Refreshing native plugins compatible for Editor in 36.15 ms, found 3 plugins.
Preloading 0 native plugins for Editor in 0.00 ms.
Unloading 4908 Unused Serialized files (Serialized files now loaded: 0)
Unloading 31 unused Assets / (2.0 MB). Loaded Objects now: 5570.
Memory consumption went from 182.7 MB to 180.7 MB.
Total: 19.510100 ms (FindLiveObjects: 1.286500 ms CreateObjectMapping: 2.061000 ms MarkObjects: 14.633300 ms  DeleteObjects: 1.524600 ms)

Prepare: number of updated asset objects reloaded= 0
AssetImportParameters requested are different than current active one (requested -> active):
  custom:container-demuxer-ogg: 62fdf1f143b41e24485cea50d1cbac27 -> 
  custom:video-codec-MediaFoundation-h265: 746d11721c4dcdbdad8f713fa42b33f4 -> 
  custom:video-decoder-ogg-theora: a1e56fd34408186e4bbccfd4996cb3dc -> 
  custom:framework-win-MediaFoundation: 216162199b28c13a410421893ffa2e32 -> 
  custom:CustomObjectIndexerAttribute: 3ead1caaecf1c488f20bcfeb224b6af5 -> 
  custom:container-demuxer-webm: 4f35f7cbe854078d1ac9338744f61a02 -> 
  custom:container-muxer-webm: aa71ff27fc2769a1b78a27578f13a17b -> 
  custom:video-decoder-webm-vp8: 9c59270c3fd7afecdb556c50c9e8de78 -> 
  custom:SearchIndexIgnoredProperties: e643bd26f0fe6173181afceb89e7c659 -> 
  custom:AudioImporter_EditorPlatform: d09bf68614088b80899f8185d706f6e7 -> 
  custom:video-encoder-webm-vp8: eb34c28f22e8b96e1ab97ce403110664 -> 
  custom:audio-decoder-ogg-vorbis: bf7c407c2cedff20999df2af8eb42d56 -> 
  custom:audio-encoder-webm-vorbis: bf7c407c2cedff20999df2af8eb42d56 -> 
========================================================================
Received Prepare
Caller must complete domain reload
Begin MonoManager ReloadAssembly
- Loaded All Assemblies, in  4.370 seconds
Native extension for UWP target not found
Native extension for WindowsStandalone target not found
Native extension for WebGL target not found
Mono: successfully reloaded assembly
- Finished resetting the current domain, in  7.434 seconds
Domain Reload Profiling: 11770ms
	BeginReloadAssembly (768ms)
		ExecutionOrderSort (0ms)
		DisableScriptedObjects (23ms)
		BackupInstance (0ms)
		ReleaseScriptingObjects (0ms)
		CreateAndSetChildDomain (181ms)
	RebuildCommonClasses (153ms)
	RebuildNativeTypeToScriptingClass (41ms)
	initialDomainReloadingComplete (185ms)
	LoadAllAssembliesAndSetupDomain (3188ms)
		LoadAssemblies (3558ms)
		RebuildTransferFunctionScriptingTraits (0ms)
		AnalyzeDomain (74ms)
			TypeCache.Refresh (21ms)
				TypeCache.ScanAssembly (0ms)
			ScanForSourceGeneratedMonoScriptInfo (1ms)
			ResolveRequiredComponents (50ms)
	FinalizeReload (7435ms)
		ReleaseScriptCaches (0ms)
		RebuildScriptCaches (0ms)
		SetupLoadedEditorAssemblies (1995ms)
			LogAssemblyErrors (0ms)
			InitializePlatformSupportModulesInManaged (54ms)
			SetLoadedEditorAssemblies (16ms)
			RefreshPlugins (0ms)
			BeforeProcessingInitializeOnLoad (382ms)
			ProcessInitializeOnLoadAttributes (1228ms)
			ProcessInitializeOnLoadMethodAttributes (260ms)
			AfterProcessingInitializeOnLoad (54ms)
			EditorAssembliesLoaded (1ms)
		ExecutionOrderSort2 (0ms)
		AwakeInstancesAfterBackupRestoration (80ms)
Refreshing native plugins compatible for Editor in 28.25 ms, found 3 plugins.
Preloading 0 native plugins for Editor in 0.00 ms.
Unloading 4908 Unused Serialized files (Serialized files now loaded: 0)
Unloading 31 unused Assets / (2.0 MB). Loaded Objects now: 5574.
Memory consumption went from 182.7 MB to 180.7 MB.
Total: 9.884000 ms (FindLiveObjects: 0.891800 ms CreateObjectMapping: 0.996600 ms MarkObjects: 7.307400 ms  DeleteObjects: 0.685900 ms)

Prepare: number of updated asset objects reloaded= 0
AssetImportParameters requested are different than current active one (requested -> active):
  custom:container-demuxer-ogg: 62fdf1f143b41e24485cea50d1cbac27 -> 
  custom:video-codec-MediaFoundation-h265: 746d11721c4dcdbdad8f713fa42b33f4 -> 
  custom:video-decoder-ogg-theora: a1e56fd34408186e4bbccfd4996cb3dc -> 
  custom:framework-win-MediaFoundation: 216162199b28c13a410421893ffa2e32 -> 
  custom:CustomObjectIndexerAttribute: 3ead1caaecf1c488f20bcfeb224b6af5 -> 
  custom:container-demuxer-webm: 4f35f7cbe854078d1ac9338744f61a02 -> 
  custom:container-muxer-webm: aa71ff27fc2769a1b78a27578f13a17b -> 
  custom:video-decoder-webm-vp8: 9c59270c3fd7afecdb556c50c9e8de78 -> 
  custom:SearchIndexIgnoredProperties: e643bd26f0fe6173181afceb89e7c659 -> 
  custom:AudioImporter_EditorPlatform: d09bf68614088b80899f8185d706f6e7 -> 
  custom:video-encoder-webm-vp8: eb34c28f22e8b96e1ab97ce403110664 -> 
  custom:audio-decoder-ogg-vorbis: bf7c407c2cedff20999df2af8eb42d56 -> 
  custom:audio-encoder-webm-vorbis: bf7c407c2cedff20999df2af8eb42d56 -> 
========================================================================
Received Prepare
Caller must complete domain reload
Begin MonoManager ReloadAssembly
- Loaded All Assemblies, in  2.060 seconds
Native extension for UWP target not found
Native extension for WindowsStandalone target not found
Native extension for WebGL target not found
Mono: successfully reloaded assembly
- Finished resetting the current domain, in  5.737 seconds
Domain Reload Profiling: 7766ms
	BeginReloadAssembly (627ms)
		ExecutionOrderSort (0ms)
		DisableScriptedObjects (18ms)
		BackupInstance (0ms)
		ReleaseScriptingObjects (0ms)
		CreateAndSetChildDomain (98ms)
	RebuildCommonClasses (121ms)
	RebuildNativeTypeToScriptingClass (43ms)
	initialDomainReloadingComplete (148ms)
	LoadAllAssembliesAndSetupDomain (1089ms)
		LoadAssemblies (1436ms)
		RebuildTransferFunctionScriptingTraits (0ms)
		AnalyzeDomain (61ms)
			TypeCache.Refresh (18ms)
				TypeCache.ScanAssembly (0ms)
			ScanForSourceGeneratedMonoScriptInfo (1ms)
			ResolveRequiredComponents (39ms)
	FinalizeReload (5739ms)
		ReleaseScriptCaches (0ms)
		RebuildScriptCaches (0ms)
		SetupLoadedEditorAssemblies (1832ms)
			LogAssemblyErrors (0ms)
			InitializePlatformSupportModulesInManaged (53ms)
			SetLoadedEditorAssemblies (18ms)
			RefreshPlugins (0ms)
			BeforeProcessingInitializeOnLoad (360ms)
			ProcessInitializeOnLoadAttributes (1089ms)
			ProcessInitializeOnLoadMethodAttributes (253ms)
			AfterProcessingInitializeOnLoad (59ms)
			EditorAssembliesLoaded (1ms)
		ExecutionOrderSort2 (0ms)
		AwakeInstancesAfterBackupRestoration (65ms)
Refreshing native plugins compatible for Editor in 29.98 ms, found 3 plugins.
Preloading 0 native plugins for Editor in 0.00 ms.
Unloading 4908 Unused Serialized files (Serialized files now loaded: 0)
Unloading 31 unused Assets / (2.0 MB). Loaded Objects now: 5578.
Memory consumption went from 182.7 MB to 180.7 MB.
Total: 14.409100 ms (FindLiveObjects: 1.251200 ms CreateObjectMapping: 1.296900 ms MarkObjects: 10.491500 ms  DeleteObjects: 1.364800 ms)

Prepare: number of updated asset objects reloaded= 0
AssetImportParameters requested are different than current active one (requested -> active):
  custom:container-demuxer-ogg: 62fdf1f143b41e24485cea50d1cbac27 -> 
  custom:video-codec-MediaFoundation-h265: 746d11721c4dcdbdad8f713fa42b33f4 -> 
  custom:video-decoder-ogg-theora: a1e56fd34408186e4bbccfd4996cb3dc -> 
  custom:framework-win-MediaFoundation: 216162199b28c13a410421893ffa2e32 -> 
  custom:CustomObjectIndexerAttribute: 3ead1caaecf1c488f20bcfeb224b6af5 -> 
  custom:container-demuxer-webm: 4f35f7cbe854078d1ac9338744f61a02 -> 
  custom:container-muxer-webm: aa71ff27fc2769a1b78a27578f13a17b -> 
  custom:video-decoder-webm-vp8: 9c59270c3fd7afecdb556c50c9e8de78 -> 
  custom:SearchIndexIgnoredProperties: e643bd26f0fe6173181afceb89e7c659 -> 
  custom:AudioImporter_EditorPlatform: d09bf68614088b80899f8185d706f6e7 -> 
  custom:video-encoder-webm-vp8: eb34c28f22e8b96e1ab97ce403110664 -> 
  custom:audio-decoder-ogg-vorbis: bf7c407c2cedff20999df2af8eb42d56 -> 
  custom:audio-encoder-webm-vorbis: bf7c407c2cedff20999df2af8eb42d56 -> 
========================================================================
Received Prepare
Caller must complete domain reload
Begin MonoManager ReloadAssembly
- Loaded All Assemblies, in  2.239 seconds
Native extension for UWP target not found
Native extension for WindowsStandalone target not found
Native extension for WebGL target not found
Mono: successfully reloaded assembly
- Finished resetting the current domain, in  3.861 seconds
Domain Reload Profiling: 6101ms
	BeginReloadAssembly (715ms)
		ExecutionOrderSort (0ms)
		DisableScriptedObjects (28ms)
		BackupInstance (0ms)
		ReleaseScriptingObjects (1ms)
		CreateAndSetChildDomain (300ms)
	RebuildCommonClasses (52ms)
	RebuildNativeTypeToScriptingClass (16ms)
	initialDomainReloadingComplete (67ms)
	LoadAllAssembliesAndSetupDomain (1389ms)
		LoadAssemblies (1505ms)
		RebuildTransferFunctionScriptingTraits (0ms)
		AnalyzeDomain (146ms)
			TypeCache.Refresh (54ms)
				TypeCache.ScanAssembly (9ms)
			ScanForSourceGeneratedMonoScriptInfo (69ms)
			ResolveRequiredComponents (21ms)
	FinalizeReload (3862ms)
		ReleaseScriptCaches (0ms)
		RebuildScriptCaches (0ms)
		SetupLoadedEditorAssemblies (673ms)
			LogAssemblyErrors (0ms)
			InitializePlatformSupportModulesInManaged (27ms)
			SetLoadedEditorAssemblies (8ms)
			RefreshPlugins (0ms)
			BeforeProcessingInitializeOnLoad (136ms)
			ProcessInitializeOnLoadAttributes (395ms)
			ProcessInitializeOnLoadMethodAttributes (86ms)
			AfterProcessingInitializeOnLoad (20ms)
			EditorAssembliesLoaded (0ms)
		ExecutionOrderSort2 (0ms)
		AwakeInstancesAfterBackupRestoration (23ms)
Refreshing native plugins compatible for Editor in 12.64 ms, found 3 plugins.
Preloading 0 native plugins for Editor in 0.00 ms.
Unloading 4908 Unused Serialized files (Serialized files now loaded: 0)
Unloading 31 unused Assets / (2.0 MB). Loaded Objects now: 5582.
Memory consumption went from 182.7 MB to 180.7 MB.
Total: 9.362000 ms (FindLiveObjects: 0.621800 ms CreateObjectMapping: 0.676800 ms MarkObjects: 7.202100 ms  DeleteObjects: 0.859600 ms)

Prepare: number of updated asset objects reloaded= 0
AssetImportParameters requested are different than current active one (requested -> active):
  custom:container-demuxer-ogg: 62fdf1f143b41e24485cea50d1cbac27 -> 
  custom:video-codec-MediaFoundation-h265: 746d11721c4dcdbdad8f713fa42b33f4 -> 
  custom:video-decoder-ogg-theora: a1e56fd34408186e4bbccfd4996cb3dc -> 
  custom:framework-win-MediaFoundation: 216162199b28c13a410421893ffa2e32 -> 
  custom:CustomObjectIndexerAttribute: 3ead1caaecf1c488f20bcfeb224b6af5 -> 
  custom:container-demuxer-webm: 4f35f7cbe854078d1ac9338744f61a02 -> 
  custom:container-muxer-webm: aa71ff27fc2769a1b78a27578f13a17b -> 
  custom:video-decoder-webm-vp8: 9c59270c3fd7afecdb556c50c9e8de78 -> 
  custom:SearchIndexIgnoredProperties: e643bd26f0fe6173181afceb89e7c659 -> 
  custom:AudioImporter_EditorPlatform: d09bf68614088b80899f8185d706f6e7 -> 
  custom:video-encoder-webm-vp8: eb34c28f22e8b96e1ab97ce403110664 -> 
  custom:audio-decoder-ogg-vorbis: bf7c407c2cedff20999df2af8eb42d56 -> 
  custom:audio-encoder-webm-vorbis: bf7c407c2cedff20999df2af8eb42d56 -> 
========================================================================
Received Prepare
Caller must complete domain reload
Begin MonoManager ReloadAssembly
- Loaded All Assemblies, in  0.762 seconds
Native extension for UWP target not found
Native extension for WindowsStandalone target not found
Native extension for WebGL target not found
Mono: successfully reloaded assembly
- Finished resetting the current domain, in  4.037 seconds
Domain Reload Profiling: 4791ms
	BeginReloadAssembly (211ms)
		ExecutionOrderSort (0ms)
		DisableScriptedObjects (5ms)
		BackupInstance (0ms)
		ReleaseScriptingObjects (0ms)
		CreateAndSetChildDomain (38ms)
	RebuildCommonClasses (40ms)
	RebuildNativeTypeToScriptingClass (11ms)
	initialDomainReloadingComplete (48ms)
	LoadAllAssembliesAndSetupDomain (443ms)
		LoadAssemblies (541ms)
		RebuildTransferFunctionScriptingTraits (0ms)
		AnalyzeDomain (28ms)
			TypeCache.Refresh (7ms)
				TypeCache.ScanAssembly (0ms)
			ScanForSourceGeneratedMonoScriptInfo (0ms)
			ResolveRequiredComponents (19ms)
	FinalizeReload (4038ms)
		ReleaseScriptCaches (0ms)
		RebuildScriptCaches (0ms)
		SetupLoadedEditorAssemblies (849ms)
			LogAssemblyErrors (0ms)
			InitializePlatformSupportModulesInManaged (27ms)
			SetLoadedEditorAssemblies (11ms)
			RefreshPlugins (0ms)
			BeforeProcessingInitializeOnLoad (174ms)
			ProcessInitializeOnLoadAttributes (479ms)
			ProcessInitializeOnLoadMethodAttributes (128ms)
			AfterProcessingInitializeOnLoad (30ms)
			EditorAssembliesLoaded (0ms)
		ExecutionOrderSort2 (0ms)
		AwakeInstancesAfterBackupRestoration (32ms)
Refreshing native plugins compatible for Editor in 16.51 ms, found 3 plugins.
Preloading 0 native plugins for Editor in 0.00 ms.
Unloading 4908 Unused Serialized files (Serialized files now loaded: 0)
Unloading 31 unused Assets / (2.0 MB). Loaded Objects now: 5586.
Memory consumption went from 182.7 MB to 180.7 MB.
Total: 7.549300 ms (FindLiveObjects: 0.678900 ms CreateObjectMapping: 0.946200 ms MarkObjects: 5.505200 ms  DeleteObjects: 0.417600 ms)

Prepare: number of updated asset objects reloaded= 0
AssetImportParameters requested are different than current active one (requested -> active):
  custom:container-demuxer-ogg: 62fdf1f143b41e24485cea50d1cbac27 -> 
  custom:video-codec-MediaFoundation-h265: 746d11721c4dcdbdad8f713fa42b33f4 -> 
  custom:video-decoder-ogg-theora: a1e56fd34408186e4bbccfd4996cb3dc -> 
  custom:framework-win-MediaFoundation: 216162199b28c13a410421893ffa2e32 -> 
  custom:CustomObjectIndexerAttribute: 3ead1caaecf1c488f20bcfeb224b6af5 -> 
  custom:container-demuxer-webm: 4f35f7cbe854078d1ac9338744f61a02 -> 
  custom:container-muxer-webm: aa71ff27fc2769a1b78a27578f13a17b -> 
  custom:video-decoder-webm-vp8: 9c59270c3fd7afecdb556c50c9e8de78 -> 
  custom:SearchIndexIgnoredProperties: e643bd26f0fe6173181afceb89e7c659 -> 
  custom:AudioImporter_EditorPlatform: d09bf68614088b80899f8185d706f6e7 -> 
  custom:video-encoder-webm-vp8: eb34c28f22e8b96e1ab97ce403110664 -> 
  custom:audio-decoder-ogg-vorbis: bf7c407c2cedff20999df2af8eb42d56 -> 
  custom:audio-encoder-webm-vorbis: bf7c407c2cedff20999df2af8eb42d56 -> 
========================================================================
Received Prepare
Caller must complete domain reload
Begin MonoManager ReloadAssembly
- Loaded All Assemblies, in  1.641 seconds
Native extension for UWP target not found
Native extension for WindowsStandalone target not found
Native extension for WebGL target not found
Mono: successfully reloaded assembly
- Finished resetting the current domain, in  2.394 seconds
Domain Reload Profiling: 4032ms
	BeginReloadAssembly (593ms)
		ExecutionOrderSort (0ms)
		DisableScriptedObjects (24ms)
		BackupInstance (0ms)
		ReleaseScriptingObjects (1ms)
		CreateAndSetChildDomain (275ms)
	RebuildCommonClasses (60ms)
	RebuildNativeTypeToScriptingClass (15ms)
	initialDomainReloadingComplete (65ms)
	LoadAllAssembliesAndSetupDomain (905ms)
		LoadAssemblies (992ms)
		RebuildTransferFunctionScriptingTraits (0ms)
		AnalyzeDomain (90ms)
			TypeCache.Refresh (30ms)
				TypeCache.ScanAssembly (4ms)
			ScanForSourceGeneratedMonoScriptInfo (39ms)
			ResolveRequiredComponents (19ms)
	FinalizeReload (2395ms)
		ReleaseScriptCaches (0ms)
		RebuildScriptCaches (0ms)
		SetupLoadedEditorAssemblies (714ms)
			LogAssemblyErrors (0ms)
			InitializePlatformSupportModulesInManaged (38ms)
			SetLoadedEditorAssemblies (15ms)
			RefreshPlugins (0ms)
			BeforeProcessingInitializeOnLoad (154ms)
			ProcessInitializeOnLoadAttributes (417ms)
			ProcessInitializeOnLoadMethodAttributes (74ms)
			AfterProcessingInitializeOnLoad (15ms)
			EditorAssembliesLoaded (0ms)
		ExecutionOrderSort2 (0ms)
		AwakeInstancesAfterBackupRestoration (19ms)
Refreshing native plugins compatible for Editor in 8.31 ms, found 3 plugins.
Preloading 0 native plugins for Editor in 0.00 ms.
Unloading 4908 Unused Serialized files (Serialized files now loaded: 0)
Unloading 31 unused Assets / (2.0 MB). Loaded Objects now: 5590.
Memory consumption went from 182.7 MB to 180.7 MB.
Total: 7.948100 ms (FindLiveObjects: 0.745700 ms CreateObjectMapping: 0.630900 ms MarkObjects: 6.180800 ms  DeleteObjects: 0.390000 ms)

Prepare: number of updated asset objects reloaded= 0
AssetImportParameters requested are different than current active one (requested -> active):
  custom:container-demuxer-ogg: 62fdf1f143b41e24485cea50d1cbac27 -> 
  custom:video-codec-MediaFoundation-h265: 746d11721c4dcdbdad8f713fa42b33f4 -> 
  custom:video-decoder-ogg-theora: a1e56fd34408186e4bbccfd4996cb3dc -> 
  custom:framework-win-MediaFoundation: 216162199b28c13a410421893ffa2e32 -> 
  custom:CustomObjectIndexerAttribute: 3ead1caaecf1c488f20bcfeb224b6af5 -> 
  custom:container-demuxer-webm: 4f35f7cbe854078d1ac9338744f61a02 -> 
  custom:container-muxer-webm: aa71ff27fc2769a1b78a27578f13a17b -> 
  custom:video-decoder-webm-vp8: 9c59270c3fd7afecdb556c50c9e8de78 -> 
  custom:SearchIndexIgnoredProperties: e643bd26f0fe6173181afceb89e7c659 -> 
  custom:AudioImporter_EditorPlatform: d09bf68614088b80899f8185d706f6e7 -> 
  custom:video-encoder-webm-vp8: eb34c28f22e8b96e1ab97ce403110664 -> 
  custom:audio-decoder-ogg-vorbis: bf7c407c2cedff20999df2af8eb42d56 -> 
  custom:audio-encoder-webm-vorbis: bf7c407c2cedff20999df2af8eb42d56 -> 
========================================================================
Received Prepare
Caller must complete domain reload
Begin MonoManager ReloadAssembly
- Loaded All Assemblies, in  1.728 seconds
Native extension for UWP target not found
Native extension for WindowsStandalone target not found
Native extension for WebGL target not found
Mono: successfully reloaded assembly
- Finished resetting the current domain, in  2.886 seconds
Domain Reload Profiling: 4604ms
	BeginReloadAssembly (367ms)
		ExecutionOrderSort (0ms)
		DisableScriptedObjects (11ms)
		BackupInstance (0ms)
		ReleaseScriptingObjects (0ms)
		CreateAndSetChildDomain (107ms)
	RebuildCommonClasses (59ms)
	RebuildNativeTypeToScriptingClass (86ms)
	initialDomainReloadingComplete (191ms)
	LoadAllAssembliesAndSetupDomain (1014ms)
		LoadAssemblies (1070ms)
		RebuildTransferFunctionScriptingTraits (0ms)
		AnalyzeDomain (132ms)
			TypeCache.Refresh (38ms)
				TypeCache.ScanAssembly (3ms)
			ScanForSourceGeneratedMonoScriptInfo (71ms)
			ResolveRequiredComponents (20ms)
	FinalizeReload (2886ms)
		ReleaseScriptCaches (0ms)
		RebuildScriptCaches (0ms)
		SetupLoadedEditorAssemblies (531ms)
			LogAssemblyErrors (0ms)
			InitializePlatformSupportModulesInManaged (15ms)
			SetLoadedEditorAssemblies (6ms)
			RefreshPlugins (0ms)
			BeforeProcessingInitializeOnLoad (103ms)
			ProcessInitializeOnLoadAttributes (322ms)
			ProcessInitializeOnLoadMethodAttributes (70ms)
			AfterProcessingInitializeOnLoad (15ms)
			EditorAssembliesLoaded (0ms)
		ExecutionOrderSort2 (0ms)
		AwakeInstancesAfterBackupRestoration (18ms)
Refreshing native plugins compatible for Editor in 11.11 ms, found 3 plugins.
Preloading 0 native plugins for Editor in 0.00 ms.
Unloading 4908 Unused Serialized files (Serialized files now loaded: 0)
Unloading 31 unused Assets / (2.0 MB). Loaded Objects now: 5594.
Memory consumption went from 182.7 MB to 180.7 MB.
Total: 9.427200 ms (FindLiveObjects: 0.805800 ms CreateObjectMapping: 0.742100 ms MarkObjects: 7.126200 ms  DeleteObjects: 0.751500 ms)

Prepare: number of updated asset objects reloaded= 0
AssetImportParameters requested are different than current active one (requested -> active):
  custom:container-demuxer-ogg: 62fdf1f143b41e24485cea50d1cbac27 -> 
  custom:video-codec-MediaFoundation-h265: 746d11721c4dcdbdad8f713fa42b33f4 -> 
  custom:video-decoder-ogg-theora: a1e56fd34408186e4bbccfd4996cb3dc -> 
  custom:framework-win-MediaFoundation: 216162199b28c13a410421893ffa2e32 -> 
  custom:CustomObjectIndexerAttribute: 3ead1caaecf1c488f20bcfeb224b6af5 -> 
  custom:container-demuxer-webm: 4f35f7cbe854078d1ac9338744f61a02 -> 
  custom:container-muxer-webm: aa71ff27fc2769a1b78a27578f13a17b -> 
  custom:video-decoder-webm-vp8: 9c59270c3fd7afecdb556c50c9e8de78 -> 
  custom:SearchIndexIgnoredProperties: e643bd26f0fe6173181afceb89e7c659 -> 
  custom:AudioImporter_EditorPlatform: d09bf68614088b80899f8185d706f6e7 -> 
  custom:video-encoder-webm-vp8: eb34c28f22e8b96e1ab97ce403110664 -> 
  custom:audio-decoder-ogg-vorbis: bf7c407c2cedff20999df2af8eb42d56 -> 
  custom:audio-encoder-webm-vorbis: bf7c407c2cedff20999df2af8eb42d56 -> 
========================================================================
Received Prepare
Caller must complete domain reload
Begin MonoManager ReloadAssembly
- Loaded All Assemblies, in  1.939 seconds
Native extension for UWP target not found
Native extension for WindowsStandalone target not found
Native extension for WebGL target not found
Mono: successfully reloaded assembly
- Finished resetting the current domain, in  3.039 seconds
Domain Reload Profiling: 4981ms
	BeginReloadAssembly (755ms)
		ExecutionOrderSort (0ms)
		DisableScriptedObjects (35ms)
		BackupInstance (0ms)
		ReleaseScriptingObjects (1ms)
		CreateAndSetChildDomain (346ms)
	RebuildCommonClasses (50ms)
	RebuildNativeTypeToScriptingClass (11ms)
	initialDomainReloadingComplete (54ms)
	LoadAllAssembliesAndSetupDomain (1070ms)
		LoadAssemblies (1184ms)
		RebuildTransferFunctionScriptingTraits (0ms)
		AnalyzeDomain (125ms)
			TypeCache.Refresh (51ms)
				TypeCache.ScanAssembly (5ms)
			ScanForSourceGeneratedMonoScriptInfo (54ms)
			ResolveRequiredComponents (19ms)
	FinalizeReload (3040ms)
		ReleaseScriptCaches (0ms)
		RebuildScriptCaches (0ms)
		SetupLoadedEditorAssemblies (532ms)
			LogAssemblyErrors (0ms)
			InitializePlatformSupportModulesInManaged (15ms)
			SetLoadedEditorAssemblies (7ms)
			RefreshPlugins (0ms)
			BeforeProcessingInitializeOnLoad (105ms)
			ProcessInitializeOnLoadAttributes (318ms)
			ProcessInitializeOnLoadMethodAttributes (72ms)
			AfterProcessingInitializeOnLoad (15ms)
			EditorAssembliesLoaded (0ms)
		ExecutionOrderSort2 (0ms)
		AwakeInstancesAfterBackupRestoration (22ms)
Refreshing native plugins compatible for Editor in 9.76 ms, found 3 plugins.
Preloading 0 native plugins for Editor in 0.00 ms.
Unloading 4908 Unused Serialized files (Serialized files now loaded: 0)
Unloading 31 unused Assets / (2.0 MB). Loaded Objects now: 5598.
Memory consumption went from 182.7 MB to 180.7 MB.
Total: 7.764900 ms (FindLiveObjects: 0.633700 ms CreateObjectMapping: 0.923400 ms MarkObjects: 5.700100 ms  DeleteObjects: 0.506700 ms)

Prepare: number of updated asset objects reloaded= 0
AssetImportParameters requested are different than current active one (requested -> active):
  custom:container-demuxer-ogg: 62fdf1f143b41e24485cea50d1cbac27 -> 
  custom:video-codec-MediaFoundation-h265: 746d11721c4dcdbdad8f713fa42b33f4 -> 
  custom:video-decoder-ogg-theora: a1e56fd34408186e4bbccfd4996cb3dc -> 
  custom:framework-win-MediaFoundation: 216162199b28c13a410421893ffa2e32 -> 
  custom:CustomObjectIndexerAttribute: 3ead1caaecf1c488f20bcfeb224b6af5 -> 
  custom:container-demuxer-webm: 4f35f7cbe854078d1ac9338744f61a02 -> 
  custom:container-muxer-webm: aa71ff27fc2769a1b78a27578f13a17b -> 
  custom:video-decoder-webm-vp8: 9c59270c3fd7afecdb556c50c9e8de78 -> 
  custom:SearchIndexIgnoredProperties: e643bd26f0fe6173181afceb89e7c659 -> 
  custom:AudioImporter_EditorPlatform: d09bf68614088b80899f8185d706f6e7 -> 
  custom:video-encoder-webm-vp8: eb34c28f22e8b96e1ab97ce403110664 -> 
  custom:audio-decoder-ogg-vorbis: bf7c407c2cedff20999df2af8eb42d56 -> 
  custom:audio-encoder-webm-vorbis: bf7c407c2cedff20999df2af8eb42d56 -> 
========================================================================
Received Prepare
Caller must complete domain reload
Begin MonoManager ReloadAssembly
- Loaded All Assemblies, in  0.744 seconds
Native extension for UWP target not found
Native extension for WindowsStandalone target not found
Native extension for WebGL target not found
Mono: successfully reloaded assembly
- Finished resetting the current domain, in  2.352 seconds
Domain Reload Profiling: 3088ms
	BeginReloadAssembly (214ms)
		ExecutionOrderSort (0ms)
		DisableScriptedObjects (4ms)
		BackupInstance (0ms)
		ReleaseScriptingObjects (0ms)
		CreateAndSetChildDomain (35ms)
	RebuildCommonClasses (37ms)
	RebuildNativeTypeToScriptingClass (16ms)
	initialDomainReloadingComplete (47ms)
	LoadAllAssembliesAndSetupDomain (421ms)
		LoadAssemblies (527ms)
		RebuildTransferFunctionScriptingTraits (0ms)
		AnalyzeDomain (26ms)
			TypeCache.Refresh (8ms)
				TypeCache.ScanAssembly (0ms)
			ScanForSourceGeneratedMonoScriptInfo (0ms)
			ResolveRequiredComponents (16ms)
	FinalizeReload (2353ms)
		ReleaseScriptCaches (0ms)
		RebuildScriptCaches (0ms)
		SetupLoadedEditorAssemblies (932ms)
			LogAssemblyErrors (0ms)
			InitializePlatformSupportModulesInManaged (19ms)
			SetLoadedEditorAssemblies (11ms)
			RefreshPlugins (0ms)
			BeforeProcessingInitializeOnLoad (164ms)
			ProcessInitializeOnLoadAttributes (581ms)
			ProcessInitializeOnLoadMethodAttributes (130ms)
			AfterProcessingInitializeOnLoad (27ms)
			EditorAssembliesLoaded (0ms)
		ExecutionOrderSort2 (0ms)
		AwakeInstancesAfterBackupRestoration (32ms)
Refreshing native plugins compatible for Editor in 12.94 ms, found 3 plugins.
Preloading 0 native plugins for Editor in 0.00 ms.
Unloading 4908 Unused Serialized files (Serialized files now loaded: 0)
Unloading 31 unused Assets / (2.0 MB). Loaded Objects now: 5602.
Memory consumption went from 182.7 MB to 180.7 MB.
Total: 10.277000 ms (FindLiveObjects: 0.995700 ms CreateObjectMapping: 0.927500 ms MarkObjects: 6.720400 ms  DeleteObjects: 1.630300 ms)

Prepare: number of updated asset objects reloaded= 0
AssetImportParameters requested are different than current active one (requested -> active):
  custom:container-demuxer-ogg: 62fdf1f143b41e24485cea50d1cbac27 -> 
  custom:video-codec-MediaFoundation-h265: 746d11721c4dcdbdad8f713fa42b33f4 -> 
  custom:video-decoder-ogg-theora: a1e56fd34408186e4bbccfd4996cb3dc -> 
  custom:framework-win-MediaFoundation: 216162199b28c13a410421893ffa2e32 -> 
  custom:CustomObjectIndexerAttribute: 3ead1caaecf1c488f20bcfeb224b6af5 -> 
  custom:container-demuxer-webm: 4f35f7cbe854078d1ac9338744f61a02 -> 
  custom:container-muxer-webm: aa71ff27fc2769a1b78a27578f13a17b -> 
  custom:video-decoder-webm-vp8: 9c59270c3fd7afecdb556c50c9e8de78 -> 
  custom:SearchIndexIgnoredProperties: e643bd26f0fe6173181afceb89e7c659 -> 
  custom:AudioImporter_EditorPlatform: d09bf68614088b80899f8185d706f6e7 -> 
  custom:video-encoder-webm-vp8: eb34c28f22e8b96e1ab97ce403110664 -> 
  custom:audio-decoder-ogg-vorbis: bf7c407c2cedff20999df2af8eb42d56 -> 
  custom:audio-encoder-webm-vorbis: bf7c407c2cedff20999df2af8eb42d56 -> 
========================================================================
Received Import Request.
  Time since last request: 709853.091163 seconds.
  path: Assets/JARDIN ASSETS/Prefabs/Orb.prefab
  artifactKey: Guid(605f5c71e7da3dc4bbed66feccc28bea) Importer(815301076,1909f56bfc062723c751e8b465ee728b)
Start importing Assets/JARDIN ASSETS/Prefabs/Orb.prefab using Guid(605f5c71e7da3dc4bbed66feccc28bea) Importer(815301076,1909f56bfc062723c751e8b465ee728b) [PhysX] Initialized MultithreadedTaskDispatcher with 8 workers.
[PhysX] Initialized MultithreadedTaskDispatcher with 8 workers.
 -> (artifact id: '0b3638416e0a227343fec16b3e6179f0') in 1.680651 seconds
Number of updated asset objects reloaded before import = 0
Number of asset objects unloaded after import = 37
========================================================================
Received Import Request.
  Time since last request: 7.834245 seconds.
  path: Assets/Prefabs/Camilo_super_ultra_duper_mega_triple_pro 1.prefab
  artifactKey: Guid(dd10f2e638f87fc479b2c4d2f5a8ad3f) Importer(815301076,1909f56bfc062723c751e8b465ee728b)
Start importing Assets/Prefabs/Camilo_super_ultra_duper_mega_triple_pro 1.prefab using Guid(dd10f2e638f87fc479b2c4d2f5a8ad3f) Importer(815301076,1909f56bfc062723c751e8b465ee728b) [PhysX] Initialized MultithreadedTaskDispatcher with 8 workers.
[PhysX] Initialized MultithreadedTaskDispatcher with 8 workers.
Refreshing native plugins compatible for Editor in 23.78 ms, found 3 plugins.
Preloading 0 native plugins for Editor in 0.00 ms.
 -> (artifact id: '4090747711e8f49207138000117a1e14') in 0.289653 seconds
Number of updated asset objects reloaded before import = 0
Number of asset objects unloaded after import = 380
========================================================================
Received Prepare
Caller must complete domain reload
Begin MonoManager ReloadAssembly
- Loaded All Assemblies, in  3.581 seconds
Native extension for UWP target not found
Native extension for WindowsStandalone target not found
Native extension for WebGL target not found
Mono: successfully reloaded assembly
- Finished resetting the current domain, in  6.696 seconds
Domain Reload Profiling: 10306ms
	BeginReloadAssembly (1372ms)
		ExecutionOrderSort (0ms)
		DisableScriptedObjects (185ms)
		BackupInstance (0ms)
		ReleaseScriptingObjects (2ms)
		CreateAndSetChildDomain (584ms)
	RebuildCommonClasses (77ms)
	RebuildNativeTypeToScriptingClass (15ms)
	initialDomainReloadingComplete (84ms)
	LoadAllAssembliesAndSetupDomain (2060ms)
		LoadAssemblies (2294ms)
		RebuildTransferFunctionScriptingTraits (0ms)
		AnalyzeDomain (134ms)
			TypeCache.Refresh (59ms)
				TypeCache.ScanAssembly (0ms)
			ScanForSourceGeneratedMonoScriptInfo (0ms)
			ResolveRequiredComponents (70ms)
	FinalizeReload (6697ms)
		ReleaseScriptCaches (0ms)
		RebuildScriptCaches (0ms)
		SetupLoadedEditorAssemblies (1182ms)
			LogAssemblyErrors (0ms)
			InitializePlatformSupportModulesInManaged (40ms)
			SetLoadedEditorAssemblies (13ms)
			RefreshPlugins (0ms)
			BeforeProcessingInitializeOnLoad (210ms)
			ProcessInitializeOnLoadAttributes (716ms)
			ProcessInitializeOnLoadMethodAttributes (170ms)
			AfterProcessingInitializeOnLoad (31ms)
			EditorAssembliesLoaded (1ms)
		ExecutionOrderSort2 (0ms)
		AwakeInstancesAfterBackupRestoration (62ms)
Refreshing native plugins compatible for Editor in 15.54 ms, found 3 plugins.
Preloading 0 native plugins for Editor in 0.00 ms.
Unloading 4908 Unused Serialized files (Serialized files now loaded: 0)
Unloading 31 unused Assets / (2.0 MB). Loaded Objects now: 5654.
Memory consumption went from 188.5 MB to 186.4 MB.
Total: 13.770600 ms (FindLiveObjects: 0.724200 ms CreateObjectMapping: 0.564700 ms MarkObjects: 11.184300 ms  DeleteObjects: 1.295300 ms)

Prepare: number of updated asset objects reloaded= 0
AssetImportParameters requested are different than current active one (requested -> active):
  custom:container-demuxer-ogg: 62fdf1f143b41e24485cea50d1cbac27 -> 
  custom:video-codec-MediaFoundation-h265: 746d11721c4dcdbdad8f713fa42b33f4 -> 
  custom:video-decoder-ogg-theora: a1e56fd34408186e4bbccfd4996cb3dc -> 
  custom:framework-win-MediaFoundation: 216162199b28c13a410421893ffa2e32 -> 
  custom:CustomObjectIndexerAttribute: 3ead1caaecf1c488f20bcfeb224b6af5 -> 
  custom:container-demuxer-webm: 4f35f7cbe854078d1ac9338744f61a02 -> 
  custom:container-muxer-webm: aa71ff27fc2769a1b78a27578f13a17b -> 
  custom:video-decoder-webm-vp8: 9c59270c3fd7afecdb556c50c9e8de78 -> 
  custom:SearchIndexIgnoredProperties: e643bd26f0fe6173181afceb89e7c659 -> 
  custom:AudioImporter_EditorPlatform: d09bf68614088b80899f8185d706f6e7 -> 
  custom:video-encoder-webm-vp8: eb34c28f22e8b96e1ab97ce403110664 -> 
  custom:audio-decoder-ogg-vorbis: bf7c407c2cedff20999df2af8eb42d56 -> 
  custom:audio-encoder-webm-vorbis: bf7c407c2cedff20999df2af8eb42d56 -> 
========================================================================
Received Prepare
Caller must complete domain reload
Begin MonoManager ReloadAssembly
- Loaded All Assemblies, in  1.129 seconds
Native extension for UWP target not found
Native extension for WindowsStandalone target not found
Native extension for WebGL target not found
Mono: successfully reloaded assembly
- Finished resetting the current domain, in  3.809 seconds
Domain Reload Profiling: 4930ms
	BeginReloadAssembly (278ms)
		ExecutionOrderSort (0ms)
		DisableScriptedObjects (9ms)
		BackupInstance (0ms)
		ReleaseScriptingObjects (1ms)
		CreateAndSetChildDomain (76ms)
	RebuildCommonClasses (46ms)
	RebuildNativeTypeToScriptingClass (14ms)
	initialDomainReloadingComplete (48ms)
	LoadAllAssembliesAndSetupDomain (735ms)
		LoadAssemblies (846ms)
		RebuildTransferFunctionScriptingTraits (0ms)
		AnalyzeDomain (30ms)
			TypeCache.Refresh (11ms)
				TypeCache.ScanAssembly (0ms)
			ScanForSourceGeneratedMonoScriptInfo (0ms)
			ResolveRequiredComponents (16ms)
	FinalizeReload (3809ms)
		ReleaseScriptCaches (0ms)
		RebuildScriptCaches (0ms)
		SetupLoadedEditorAssemblies (1069ms)
			LogAssemblyErrors (0ms)
			InitializePlatformSupportModulesInManaged (29ms)
			SetLoadedEditorAssemblies (12ms)
			RefreshPlugins (0ms)
			BeforeProcessingInitializeOnLoad (206ms)
			ProcessInitializeOnLoadAttributes (633ms)
			ProcessInitializeOnLoadMethodAttributes (161ms)
			AfterProcessingInitializeOnLoad (27ms)
			EditorAssembliesLoaded (1ms)
		ExecutionOrderSort2 (0ms)
		AwakeInstancesAfterBackupRestoration (48ms)
Refreshing native plugins compatible for Editor in 13.23 ms, found 3 plugins.
Preloading 0 native plugins for Editor in 0.00 ms.
Unloading 4908 Unused Serialized files (Serialized files now loaded: 0)
Unloading 31 unused Assets / (2.0 MB). Loaded Objects now: 5658.
Memory consumption went from 188.4 MB to 186.4 MB.
Total: 8.097100 ms (FindLiveObjects: 0.621400 ms CreateObjectMapping: 1.478200 ms MarkObjects: 5.552200 ms  DeleteObjects: 0.443900 ms)

Prepare: number of updated asset objects reloaded= 0
AssetImportParameters requested are different than current active one (requested -> active):
  custom:container-demuxer-ogg: 62fdf1f143b41e24485cea50d1cbac27 -> 
  custom:video-codec-MediaFoundation-h265: 746d11721c4dcdbdad8f713fa42b33f4 -> 
  custom:video-decoder-ogg-theora: a1e56fd34408186e4bbccfd4996cb3dc -> 
  custom:framework-win-MediaFoundation: 216162199b28c13a410421893ffa2e32 -> 
  custom:CustomObjectIndexerAttribute: 3ead1caaecf1c488f20bcfeb224b6af5 -> 
  custom:container-demuxer-webm: 4f35f7cbe854078d1ac9338744f61a02 -> 
  custom:container-muxer-webm: aa71ff27fc2769a1b78a27578f13a17b -> 
  custom:video-decoder-webm-vp8: 9c59270c3fd7afecdb556c50c9e8de78 -> 
  custom:SearchIndexIgnoredProperties: e643bd26f0fe6173181afceb89e7c659 -> 
  custom:AudioImporter_EditorPlatform: d09bf68614088b80899f8185d706f6e7 -> 
  custom:video-encoder-webm-vp8: eb34c28f22e8b96e1ab97ce403110664 -> 
  custom:audio-decoder-ogg-vorbis: bf7c407c2cedff20999df2af8eb42d56 -> 
  custom:audio-encoder-webm-vorbis: bf7c407c2cedff20999df2af8eb42d56 -> 
========================================================================
Received Import Request.
  Time since last request: 2060.981956 seconds.
  path: Assets/AUDIOS/DeathScream.mp3
  artifactKey: Guid(21aea64c96d7d5a4b89897df107f86a7) Importer(815301076,1909f56bfc062723c751e8b465ee728b)
Start importing Assets/AUDIOS/DeathScream.mp3 using Guid(21aea64c96d7d5a4b89897df107f86a7) Importer(815301076,1909f56bfc062723c751e8b465ee728b) [PhysX] Initialized MultithreadedTaskDispatcher with 8 workers.
[PhysX] Initialized MultithreadedTaskDispatcher with 8 workers.
 -> (artifact id: '1383edfdd3bbfee105f3c4951f551e33') in 11.369421 seconds
Number of updated asset objects reloaded before import = 0
Number of asset objects unloaded after import = 2
========================================================================
Received Import Request.
  Time since last request: 253.711154 seconds.
  path: Assets/Prefabs/CanvasPausa.prefab
  artifactKey: Guid(f9a9cf7a55f25354c93ddffaa12a762a) Importer(815301076,1909f56bfc062723c751e8b465ee728b)
Start importing Assets/Prefabs/CanvasPausa.prefab using Guid(f9a9cf7a55f25354c93ddffaa12a762a) Importer(815301076,1909f56bfc062723c751e8b465ee728b) [PhysX] Initialized MultithreadedTaskDispatcher with 8 workers.
Refreshing native plugins compatible for Editor in 19.91 ms, found 3 plugins.
Preloading 0 native plugins for Editor in 0.00 ms.
 -> (artifact id: '0290c95acde34ae098e40bcb6418ccc3') in 1.433601 seconds
Number of updated asset objects reloaded before import = 0
Number of asset objects unloaded after import = 246
========================================================================
Received Prepare
Caller must complete domain reload
Begin MonoManager ReloadAssembly
- Loaded All Assemblies, in  4.559 seconds
Native extension for UWP target not found
Native extension for WindowsStandalone target not found
Native extension for WebGL target not found
Mono: successfully reloaded assembly
- Finished resetting the current domain, in  4.112 seconds
Domain Reload Profiling: 8673ms
	BeginReloadAssembly (1896ms)
		ExecutionOrderSort (0ms)
		DisableScriptedObjects (47ms)
		BackupInstance (0ms)
		ReleaseScriptingObjects (1ms)
		CreateAndSetChildDomain (1108ms)
	RebuildCommonClasses (105ms)
	RebuildNativeTypeToScriptingClass (21ms)
	initialDomainReloadingComplete (157ms)
	LoadAllAssembliesAndSetupDomain (2381ms)
		LoadAssemblies (2806ms)
		RebuildTransferFunctionScriptingTraits (0ms)
		AnalyzeDomain (88ms)
			TypeCache.Refresh (36ms)
				TypeCache.ScanAssembly (0ms)
			ScanForSourceGeneratedMonoScriptInfo (1ms)
			ResolveRequiredComponents (47ms)
	FinalizeReload (4113ms)
		ReleaseScriptCaches (0ms)
		RebuildScriptCaches (0ms)
		SetupLoadedEditorAssemblies (1124ms)
			LogAssemblyErrors (0ms)
			InitializePlatformSupportModulesInManaged (29ms)
			SetLoadedEditorAssemblies (12ms)
			RefreshPlugins (0ms)
			BeforeProcessingInitializeOnLoad (169ms)
			ProcessInitializeOnLoadAttributes (741ms)
			ProcessInitializeOnLoadMethodAttributes (150ms)
			AfterProcessingInitializeOnLoad (23ms)
			EditorAssembliesLoaded (1ms)
		ExecutionOrderSort2 (0ms)
		AwakeInstancesAfterBackupRestoration (54ms)
Refreshing native plugins compatible for Editor in 11.91 ms, found 3 plugins.
Preloading 0 native plugins for Editor in 0.00 ms.
Unloading 4908 Unused Serialized files (Serialized files now loaded: 0)
Unloading 35 unused Assets / (2.0 MB). Loaded Objects now: 5664.
Memory consumption went from 188.5 MB to 186.5 MB.
Total: 11.920900 ms (FindLiveObjects: 1.015300 ms CreateObjectMapping: 1.270600 ms MarkObjects: 7.420200 ms  DeleteObjects: 2.211000 ms)

Prepare: number of updated asset objects reloaded= 0
AssetImportParameters requested are different than current active one (requested -> active):
  custom:container-demuxer-ogg: 62fdf1f143b41e24485cea50d1cbac27 -> 
  custom:video-codec-MediaFoundation-h265: 746d11721c4dcdbdad8f713fa42b33f4 -> 
  custom:video-decoder-ogg-theora: a1e56fd34408186e4bbccfd4996cb3dc -> 
  custom:framework-win-MediaFoundation: 216162199b28c13a410421893ffa2e32 -> 
  custom:CustomObjectIndexerAttribute: 3ead1caaecf1c488f20bcfeb224b6af5 -> 
  custom:container-demuxer-webm: 4f35f7cbe854078d1ac9338744f61a02 -> 
  custom:container-muxer-webm: aa71ff27fc2769a1b78a27578f13a17b -> 
  custom:video-decoder-webm-vp8: 9c59270c3fd7afecdb556c50c9e8de78 -> 
  custom:SearchIndexIgnoredProperties: e643bd26f0fe6173181afceb89e7c659 -> 
  custom:AudioImporter_EditorPlatform: d09bf68614088b80899f8185d706f6e7 -> 
  custom:video-encoder-webm-vp8: eb34c28f22e8b96e1ab97ce403110664 -> 
  custom:audio-decoder-ogg-vorbis: bf7c407c2cedff20999df2af8eb42d56 -> 
  custom:audio-encoder-webm-vorbis: bf7c407c2cedff20999df2af8eb42d56 -> 
========================================================================
Received Import Request.
  Time since last request: 220.732483 seconds.
  path: Assets/Scripts/CodePausa.cs
  artifactKey: Guid(d2185b5d5b0b03f498131a5769d52c0f) Importer(815301076,1909f56bfc062723c751e8b465ee728b)
Start importing Assets/Scripts/CodePausa.cs using Guid(d2185b5d5b0b03f498131a5769d52c0f) Importer(815301076,1909f56bfc062723c751e8b465ee728b) [PhysX] Initialized MultithreadedTaskDispatcher with 8 workers.
 -> (artifact id: '5e96fd048434a3225ad5e37a0ee016e3') in 0.154796 seconds
Number of updated asset objects reloaded before import = 0
Number of asset objects unloaded after import = 0
========================================================================
Received Prepare
Caller must complete domain reload
Begin MonoManager ReloadAssembly
- Loaded All Assemblies, in  1.319 seconds
Native extension for UWP target not found
Native extension for WindowsStandalone target not found
Native extension for WebGL target not found
Mono: successfully reloaded assembly
- Finished resetting the current domain, in  4.120 seconds
Domain Reload Profiling: 5433ms
	BeginReloadAssembly (382ms)
		ExecutionOrderSort (0ms)
		DisableScriptedObjects (21ms)
		BackupInstance (0ms)
		ReleaseScriptingObjects (1ms)
		CreateAndSetChildDomain (106ms)
	RebuildCommonClasses (44ms)
	RebuildNativeTypeToScriptingClass (13ms)
	initialDomainReloadingComplete (59ms)
	LoadAllAssembliesAndSetupDomain (814ms)
		LoadAssemblies (963ms)
		RebuildTransferFunctionScriptingTraits (0ms)
		AnalyzeDomain (42ms)
			TypeCache.Refresh (18ms)
				TypeCache.ScanAssembly (0ms)
			ScanForSourceGeneratedMonoScriptInfo (0ms)
			ResolveRequiredComponents (22ms)
	FinalizeReload (4121ms)
		ReleaseScriptCaches (0ms)
		RebuildScriptCaches (0ms)
		SetupLoadedEditorAssemblies (1018ms)
			LogAssemblyErrors (0ms)
			InitializePlatformSupportModulesInManaged (33ms)
			SetLoadedEditorAssemblies (13ms)
			RefreshPlugins (0ms)
			BeforeProcessingInitializeOnLoad (192ms)
			ProcessInitializeOnLoadAttributes (617ms)
			ProcessInitializeOnLoadMethodAttributes (140ms)
			AfterProcessingInitializeOnLoad (22ms)
			EditorAssembliesLoaded (1ms)
		ExecutionOrderSort2 (0ms)
		AwakeInstancesAfterBackupRestoration (40ms)
Refreshing native plugins compatible for Editor in 17.47 ms, found 3 plugins.
Preloading 0 native plugins for Editor in 0.00 ms.
Unloading 4908 Unused Serialized files (Serialized files now loaded: 0)
Unloading 31 unused Assets / (2.0 MB). Loaded Objects now: 5668.
Memory consumption went from 188.5 MB to 186.5 MB.
Total: 19.543700 ms (FindLiveObjects: 7.235900 ms CreateObjectMapping: 2.475700 ms MarkObjects: 9.013400 ms  DeleteObjects: 0.815700 ms)

Prepare: number of updated asset objects reloaded= 0
AssetImportParameters requested are different than current active one (requested -> active):
  custom:container-demuxer-ogg: 62fdf1f143b41e24485cea50d1cbac27 -> 
  custom:video-codec-MediaFoundation-h265: 746d11721c4dcdbdad8f713fa42b33f4 -> 
  custom:video-decoder-ogg-theora: a1e56fd34408186e4bbccfd4996cb3dc -> 
  custom:framework-win-MediaFoundation: 216162199b28c13a410421893ffa2e32 -> 
  custom:CustomObjectIndexerAttribute: 3ead1caaecf1c488f20bcfeb224b6af5 -> 
  custom:container-demuxer-webm: 4f35f7cbe854078d1ac9338744f61a02 -> 
  custom:container-muxer-webm: aa71ff27fc2769a1b78a27578f13a17b -> 
  custom:video-decoder-webm-vp8: 9c59270c3fd7afecdb556c50c9e8de78 -> 
  custom:SearchIndexIgnoredProperties: e643bd26f0fe6173181afceb89e7c659 -> 
  custom:AudioImporter_EditorPlatform: d09bf68614088b80899f8185d706f6e7 -> 
  custom:video-encoder-webm-vp8: eb34c28f22e8b96e1ab97ce403110664 -> 
  custom:audio-decoder-ogg-vorbis: bf7c407c2cedff20999df2af8eb42d56 -> 
  custom:audio-encoder-webm-vorbis: bf7c407c2cedff20999df2af8eb42d56 -> 
========================================================================
Received Import Request.
  Time since last request: 185.597640 seconds.
  path: Assets/Scenes/Forest.unity
  artifactKey: Guid(f18074124bf8d7f48bacd53d86cabf2d) Importer(815301076,1909f56bfc062723c751e8b465ee728b)
Start importing Assets/Scenes/Forest.unity using Guid(f18074124bf8d7f48bacd53d86cabf2d) Importer(815301076,1909f56bfc062723c751e8b465ee728b) [PhysX] Initialized MultithreadedTaskDispatcher with 8 workers.
 -> (artifact id: '5e7258c96e4b44322baf54e9a990ef61') in 0.008321 seconds
Number of updated asset objects reloaded before import = 0
Number of asset objects unloaded after import = 0
========================================================================
Received Prepare
Caller must complete domain reload
Begin MonoManager ReloadAssembly
- Loaded All Assemblies, in  3.006 seconds
Native extension for UWP target not found
Native extension for WindowsStandalone target not found
Native extension for WebGL target not found
Mono: successfully reloaded assembly
- Finished resetting the current domain, in  3.910 seconds
Domain Reload Profiling: 6937ms
	BeginReloadAssembly (1101ms)
		ExecutionOrderSort (1ms)
		DisableScriptedObjects (60ms)
		BackupInstance (0ms)
		ReleaseScriptingObjects (4ms)
		CreateAndSetChildDomain (520ms)
	RebuildCommonClasses (83ms)
	RebuildNativeTypeToScriptingClass (19ms)
	initialDomainReloadingComplete (76ms)
	LoadAllAssembliesAndSetupDomain (1748ms)
		LoadAssemblies (1949ms)
		RebuildTransferFunctionScriptingTraits (0ms)
		AnalyzeDomain (70ms)
			TypeCache.Refresh (31ms)
				TypeCache.ScanAssembly (0ms)
			ScanForSourceGeneratedMonoScriptInfo (0ms)
			ResolveRequiredComponents (37ms)
	FinalizeReload (3912ms)
		ReleaseScriptCaches (0ms)
		RebuildScriptCaches (0ms)
		SetupLoadedEditorAssemblies (823ms)
			LogAssemblyErrors (0ms)
			InitializePlatformSupportModulesInManaged (25ms)
			SetLoadedEditorAssemblies (9ms)
			RefreshPlugins (0ms)
			BeforeProcessingInitializeOnLoad (138ms)
			ProcessInitializeOnLoadAttributes (528ms)
			ProcessInitializeOnLoadMethodAttributes (106ms)
			AfterProcessingInitializeOnLoad (18ms)
			EditorAssembliesLoaded (1ms)
		ExecutionOrderSort2 (0ms)
		AwakeInstancesAfterBackupRestoration (49ms)
Refreshing native plugins compatible for Editor in 15.98 ms, found 3 plugins.
Preloading 0 native plugins for Editor in 0.00 ms.
Unloading 4908 Unused Serialized files (Serialized files now loaded: 0)
Unloading 31 unused Assets / (2.0 MB). Loaded Objects now: 5672.
Memory consumption went from 188.5 MB to 186.5 MB.
Total: 10.338700 ms (FindLiveObjects: 0.846200 ms CreateObjectMapping: 1.085200 ms MarkObjects: 7.488700 ms  DeleteObjects: 0.916400 ms)

Prepare: number of updated asset objects reloaded= 0
AssetImportParameters requested are different than current active one (requested -> active):
  custom:container-demuxer-ogg: 62fdf1f143b41e24485cea50d1cbac27 -> 
  custom:video-codec-MediaFoundation-h265: 746d11721c4dcdbdad8f713fa42b33f4 -> 
  custom:video-decoder-ogg-theora: a1e56fd34408186e4bbccfd4996cb3dc -> 
  custom:framework-win-MediaFoundation: 216162199b28c13a410421893ffa2e32 -> 
  custom:CustomObjectIndexerAttribute: 3ead1caaecf1c488f20bcfeb224b6af5 -> 
  custom:container-demuxer-webm: 4f35f7cbe854078d1ac9338744f61a02 -> 
  custom:container-muxer-webm: aa71ff27fc2769a1b78a27578f13a17b -> 
  custom:video-decoder-webm-vp8: 9c59270c3fd7afecdb556c50c9e8de78 -> 
  custom:SearchIndexIgnoredProperties: e643bd26f0fe6173181afceb89e7c659 -> 
  custom:AudioImporter_EditorPlatform: d09bf68614088b80899f8185d706f6e7 -> 
  custom:video-encoder-webm-vp8: eb34c28f22e8b96e1ab97ce403110664 -> 
  custom:audio-decoder-ogg-vorbis: bf7c407c2cedff20999df2af8eb42d56 -> 
  custom:audio-encoder-webm-vorbis: bf7c407c2cedff20999df2af8eb42d56 -> 
========================================================================
Received Prepare
Caller must complete domain reload
Begin MonoManager ReloadAssembly
- Loaded All Assemblies, in  0.761 seconds
Native extension for UWP target not found
Native extension for WindowsStandalone target not found
Native extension for WebGL target not found
Mono: successfully reloaded assembly
- Finished resetting the current domain, in  2.496 seconds
Domain Reload Profiling: 3250ms
	BeginReloadAssembly (207ms)
		ExecutionOrderSort (0ms)
		DisableScriptedObjects (6ms)
		BackupInstance (0ms)
		ReleaseScriptingObjects (0ms)
		CreateAndSetChildDomain (39ms)
	RebuildCommonClasses (45ms)
	RebuildNativeTypeToScriptingClass (12ms)
	initialDomainReloadingComplete (46ms)
	LoadAllAssembliesAndSetupDomain (442ms)
		LoadAssemblies (541ms)
		RebuildTransferFunctionScriptingTraits (0ms)
		AnalyzeDomain (23ms)
			TypeCache.Refresh (6ms)
				TypeCache.ScanAssembly (0ms)
			ScanForSourceGeneratedMonoScriptInfo (0ms)
			ResolveRequiredComponents (14ms)
	FinalizeReload (2497ms)
		ReleaseScriptCaches (0ms)
		RebuildScriptCaches (0ms)
		SetupLoadedEditorAssemblies (624ms)
			LogAssemblyErrors (0ms)
			InitializePlatformSupportModulesInManaged (16ms)
			SetLoadedEditorAssemblies (6ms)
			RefreshPlugins (0ms)
			BeforeProcessingInitializeOnLoad (130ms)
			ProcessInitializeOnLoadAttributes (375ms)
			ProcessInitializeOnLoadMethodAttributes (76ms)
			AfterProcessingInitializeOnLoad (20ms)
			EditorAssembliesLoaded (0ms)
		ExecutionOrderSort2 (1ms)
		AwakeInstancesAfterBackupRestoration (27ms)
Refreshing native plugins compatible for Editor in 15.22 ms, found 3 plugins.
Preloading 0 native plugins for Editor in 0.00 ms.
Unloading 4908 Unused Serialized files (Serialized files now loaded: 0)
Unloading 31 unused Assets / (2.0 MB). Loaded Objects now: 5676.
Memory consumption went from 188.5 MB to 186.5 MB.
Total: 10.349800 ms (FindLiveObjects: 1.843900 ms CreateObjectMapping: 0.965800 ms MarkObjects: 7.001900 ms  DeleteObjects: 0.535600 ms)

Prepare: number of updated asset objects reloaded= 0
AssetImportParameters requested are different than current active one (requested -> active):
  custom:container-demuxer-ogg: 62fdf1f143b41e24485cea50d1cbac27 -> 
  custom:video-codec-MediaFoundation-h265: 746d11721c4dcdbdad8f713fa42b33f4 -> 
  custom:video-decoder-ogg-theora: a1e56fd34408186e4bbccfd4996cb3dc -> 
  custom:framework-win-MediaFoundation: 216162199b28c13a410421893ffa2e32 -> 
  custom:CustomObjectIndexerAttribute: 3ead1caaecf1c488f20bcfeb224b6af5 -> 
  custom:container-demuxer-webm: 4f35f7cbe854078d1ac9338744f61a02 -> 
  custom:container-muxer-webm: aa71ff27fc2769a1b78a27578f13a17b -> 
  custom:video-decoder-webm-vp8: 9c59270c3fd7afecdb556c50c9e8de78 -> 
  custom:SearchIndexIgnoredProperties: e643bd26f0fe6173181afceb89e7c659 -> 
  custom:AudioImporter_EditorPlatform: d09bf68614088b80899f8185d706f6e7 -> 
  custom:video-encoder-webm-vp8: eb34c28f22e8b96e1ab97ce403110664 -> 
  custom:audio-decoder-ogg-vorbis: bf7c407c2cedff20999df2af8eb42d56 -> 
  custom:audio-encoder-webm-vorbis: bf7c407c2cedff20999df2af8eb42d56 -> 
========================================================================
Received Prepare
Caller must complete domain reload
Begin MonoManager ReloadAssembly
- Loaded All Assemblies, in  0.652 seconds
Native extension for UWP target not found
Native extension for WindowsStandalone target not found
Native extension for WebGL target not found
Mono: successfully reloaded assembly
- Finished resetting the current domain, in  1.820 seconds
Domain Reload Profiling: 2464ms
	BeginReloadAssembly (188ms)
		ExecutionOrderSort (0ms)
		DisableScriptedObjects (5ms)
		BackupInstance (0ms)
		ReleaseScriptingObjects (0ms)
		CreateAndSetChildDomain (34ms)
	RebuildCommonClasses (36ms)
	RebuildNativeTypeToScriptingClass (14ms)
	initialDomainReloadingComplete (44ms)
	LoadAllAssembliesAndSetupDomain (362ms)
		LoadAssemblies (449ms)
		RebuildTransferFunctionScriptingTraits (0ms)
		AnalyzeDomain (22ms)
			TypeCache.Refresh (7ms)
				TypeCache.ScanAssembly (0ms)
			ScanForSourceGeneratedMonoScriptInfo (0ms)
			ResolveRequiredComponents (13ms)
	FinalizeReload (1820ms)
		ReleaseScriptCaches (0ms)
		RebuildScriptCaches (0ms)
		SetupLoadedEditorAssemblies (592ms)
			LogAssemblyErrors (0ms)
			InitializePlatformSupportModulesInManaged (12ms)
			SetLoadedEditorAssemblies (7ms)
			RefreshPlugins (0ms)
			BeforeProcessingInitializeOnLoad (114ms)
			ProcessInitializeOnLoadAttributes (360ms)
			ProcessInitializeOnLoadMethodAttributes (83ms)
			AfterProcessingInitializeOnLoad (15ms)
			EditorAssembliesLoaded (0ms)
		ExecutionOrderSort2 (0ms)
		AwakeInstancesAfterBackupRestoration (27ms)
Refreshing native plugins compatible for Editor in 8.29 ms, found 3 plugins.
Preloading 0 native plugins for Editor in 0.00 ms.
Unloading 4908 Unused Serialized files (Serialized files now loaded: 0)
Unloading 31 unused Assets / (2.0 MB). Loaded Objects now: 5680.
Memory consumption went from 188.5 MB to 186.5 MB.
Total: 8.079900 ms (FindLiveObjects: 0.559800 ms CreateObjectMapping: 0.504900 ms MarkObjects: 6.403800 ms  DeleteObjects: 0.593100 ms)

Prepare: number of updated asset objects reloaded= 0
AssetImportParameters requested are different than current active one (requested -> active):
  custom:container-demuxer-ogg: 62fdf1f143b41e24485cea50d1cbac27 -> 
  custom:video-codec-MediaFoundation-h265: 746d11721c4dcdbdad8f713fa42b33f4 -> 
  custom:video-decoder-ogg-theora: a1e56fd34408186e4bbccfd4996cb3dc -> 
  custom:framework-win-MediaFoundation: 216162199b28c13a410421893ffa2e32 -> 
  custom:CustomObjectIndexerAttribute: 3ead1caaecf1c488f20bcfeb224b6af5 -> 
  custom:container-demuxer-webm: 4f35f7cbe854078d1ac9338744f61a02 -> 
  custom:container-muxer-webm: aa71ff27fc2769a1b78a27578f13a17b -> 
  custom:video-decoder-webm-vp8: 9c59270c3fd7afecdb556c50c9e8de78 -> 
  custom:SearchIndexIgnoredProperties: e643bd26f0fe6173181afceb89e7c659 -> 
  custom:AudioImporter_EditorPlatform: d09bf68614088b80899f8185d706f6e7 -> 
  custom:video-encoder-webm-vp8: eb34c28f22e8b96e1ab97ce403110664 -> 
  custom:audio-decoder-ogg-vorbis: bf7c407c2cedff20999df2af8eb42d56 -> 
  custom:audio-encoder-webm-vorbis: bf7c407c2cedff20999df2af8eb42d56 -> 
========================================================================
Received Prepare
Caller must complete domain reload
Begin MonoManager ReloadAssembly
- Loaded All Assemblies, in  2.156 seconds
Native extension for UWP target not found
Native extension for WindowsStandalone target not found
Native extension for WebGL target not found
Mono: successfully reloaded assembly
- Finished resetting the current domain, in  3.996 seconds
Domain Reload Profiling: 6163ms
	BeginReloadAssembly (857ms)
		ExecutionOrderSort (0ms)
		DisableScriptedObjects (30ms)
		BackupInstance (0ms)
		ReleaseScriptingObjects (1ms)
		CreateAndSetChildDomain (373ms)
	RebuildCommonClasses (61ms)
	RebuildNativeTypeToScriptingClass (13ms)
	initialDomainReloadingComplete (63ms)
	LoadAllAssembliesAndSetupDomain (1173ms)
		LoadAssemblies (1379ms)
		RebuildTransferFunctionScriptingTraits (0ms)
		AnalyzeDomain (73ms)
			TypeCache.Refresh (33ms)
				TypeCache.ScanAssembly (0ms)
			ScanForSourceGeneratedMonoScriptInfo (1ms)
			ResolveRequiredComponents (38ms)
	FinalizeReload (3996ms)
		ReleaseScriptCaches (0ms)
		RebuildScriptCaches (0ms)
		SetupLoadedEditorAssemblies (689ms)
			LogAssemblyErrors (0ms)
			InitializePlatformSupportModulesInManaged (22ms)
			SetLoadedEditorAssemblies (7ms)
			RefreshPlugins (0ms)
			BeforeProcessingInitializeOnLoad (129ms)
			ProcessInitializeOnLoadAttributes (422ms)
			ProcessInitializeOnLoadMethodAttributes (88ms)
			AfterProcessingInitializeOnLoad (20ms)
			EditorAssembliesLoaded (0ms)
		ExecutionOrderSort2 (0ms)
		AwakeInstancesAfterBackupRestoration (31ms)
Refreshing native plugins compatible for Editor in 9.07 ms, found 3 plugins.
Preloading 0 native plugins for Editor in 0.00 ms.
Unloading 4908 Unused Serialized files (Serialized files now loaded: 0)
Unloading 31 unused Assets / (2.0 MB). Loaded Objects now: 5684.
Memory consumption went from 188.5 MB to 186.5 MB.
Total: 12.922400 ms (FindLiveObjects: 0.496200 ms CreateObjectMapping: 1.331400 ms MarkObjects: 9.355300 ms  DeleteObjects: 1.738500 ms)

Prepare: number of updated asset objects reloaded= 0
AssetImportParameters requested are different than current active one (requested -> active):
  custom:container-demuxer-ogg: 62fdf1f143b41e24485cea50d1cbac27 -> 
  custom:video-codec-MediaFoundation-h265: 746d11721c4dcdbdad8f713fa42b33f4 -> 
  custom:video-decoder-ogg-theora: a1e56fd34408186e4bbccfd4996cb3dc -> 
  custom:framework-win-MediaFoundation: 216162199b28c13a410421893ffa2e32 -> 
  custom:CustomObjectIndexerAttribute: 3ead1caaecf1c488f20bcfeb224b6af5 -> 
  custom:container-demuxer-webm: 4f35f7cbe854078d1ac9338744f61a02 -> 
  custom:container-muxer-webm: aa71ff27fc2769a1b78a27578f13a17b -> 
  custom:video-decoder-webm-vp8: 9c59270c3fd7afecdb556c50c9e8de78 -> 
  custom:SearchIndexIgnoredProperties: e643bd26f0fe6173181afceb89e7c659 -> 
  custom:AudioImporter_EditorPlatform: d09bf68614088b80899f8185d706f6e7 -> 
  custom:video-encoder-webm-vp8: eb34c28f22e8b96e1ab97ce403110664 -> 
  custom:audio-decoder-ogg-vorbis: bf7c407c2cedff20999df2af8eb42d56 -> 
  custom:audio-encoder-webm-vorbis: bf7c407c2cedff20999df2af8eb42d56 -> 
========================================================================
Received Prepare
Caller must complete domain reload
Begin MonoManager ReloadAssembly
- Loaded All Assemblies, in  2.991 seconds
Native extension for UWP target not found
Native extension for WindowsStandalone target not found
Native extension for WebGL target not found
Mono: successfully reloaded assembly
- Finished resetting the current domain, in  4.096 seconds
Domain Reload Profiling: 7095ms
	BeginReloadAssembly (1040ms)
		ExecutionOrderSort (0ms)
		DisableScriptedObjects (33ms)
		BackupInstance (0ms)
		ReleaseScriptingObjects (2ms)
		CreateAndSetChildDomain (445ms)
	RebuildCommonClasses (99ms)
	RebuildNativeTypeToScriptingClass (19ms)
	initialDomainReloadingComplete (84ms)
	LoadAllAssembliesAndSetupDomain (1757ms)
		LoadAssemblies (2110ms)
		RebuildTransferFunctionScriptingTraits (0ms)
		AnalyzeDomain (68ms)
			TypeCache.Refresh (27ms)
				TypeCache.ScanAssembly (0ms)
			ScanForSourceGeneratedMonoScriptInfo (2ms)
			ResolveRequiredComponents (36ms)
	FinalizeReload (4097ms)
		ReleaseScriptCaches (0ms)
		RebuildScriptCaches (0ms)
		SetupLoadedEditorAssemblies (728ms)
			LogAssemblyErrors (0ms)
			InitializePlatformSupportModulesInManaged (24ms)
			SetLoadedEditorAssemblies (7ms)
			RefreshPlugins (0ms)
			BeforeProcessingInitializeOnLoad (126ms)
			ProcessInitializeOnLoadAttributes (460ms)
			ProcessInitializeOnLoadMethodAttributes (96ms)
			AfterProcessingInitializeOnLoad (14ms)
			EditorAssembliesLoaded (1ms)
		ExecutionOrderSort2 (0ms)
		AwakeInstancesAfterBackupRestoration (27ms)
Refreshing native plugins compatible for Editor in 11.92 ms, found 3 plugins.
Preloading 0 native plugins for Editor in 0.00 ms.
Unloading 4908 Unused Serialized files (Serialized files now loaded: 0)
Unloading 31 unused Assets / (2.0 MB). Loaded Objects now: 5688.
Memory consumption went from 188.5 MB to 186.5 MB.
Total: 10.762100 ms (FindLiveObjects: 1.270500 ms CreateObjectMapping: 1.262100 ms MarkObjects: 7.526700 ms  DeleteObjects: 0.701400 ms)

Prepare: number of updated asset objects reloaded= 0
AssetImportParameters requested are different than current active one (requested -> active):
  custom:container-demuxer-ogg: 62fdf1f143b41e24485cea50d1cbac27 -> 
  custom:video-codec-MediaFoundation-h265: 746d11721c4dcdbdad8f713fa42b33f4 -> 
  custom:video-decoder-ogg-theora: a1e56fd34408186e4bbccfd4996cb3dc -> 
  custom:framework-win-MediaFoundation: 216162199b28c13a410421893ffa2e32 -> 
  custom:CustomObjectIndexerAttribute: 3ead1caaecf1c488f20bcfeb224b6af5 -> 
  custom:container-demuxer-webm: 4f35f7cbe854078d1ac9338744f61a02 -> 
  custom:container-muxer-webm: aa71ff27fc2769a1b78a27578f13a17b -> 
  custom:video-decoder-webm-vp8: 9c59270c3fd7afecdb556c50c9e8de78 -> 
  custom:SearchIndexIgnoredProperties: e643bd26f0fe6173181afceb89e7c659 -> 
  custom:AudioImporter_EditorPlatform: d09bf68614088b80899f8185d706f6e7 -> 
  custom:video-encoder-webm-vp8: eb34c28f22e8b96e1ab97ce403110664 -> 
  custom:audio-decoder-ogg-vorbis: bf7c407c2cedff20999df2af8eb42d56 -> 
  custom:audio-encoder-webm-vorbis: bf7c407c2cedff20999df2af8eb42d56 -> 
========================================================================
Received Prepare
Caller must complete domain reload
Begin MonoManager ReloadAssembly
- Loaded All Assemblies, in  0.779 seconds
Native extension for UWP target not found
Native extension for WindowsStandalone target not found
Native extension for WebGL target not found
Mono: successfully reloaded assembly
- Finished resetting the current domain, in  3.522 seconds
Domain Reload Profiling: 4292ms
	BeginReloadAssembly (229ms)
		ExecutionOrderSort (0ms)
		DisableScriptedObjects (5ms)
		BackupInstance (0ms)
		ReleaseScriptingObjects (0ms)
		CreateAndSetChildDomain (38ms)
	RebuildCommonClasses (53ms)
	RebuildNativeTypeToScriptingClass (13ms)
	initialDomainReloadingComplete (53ms)
	LoadAllAssembliesAndSetupDomain (422ms)
		LoadAssemblies (536ms)
		RebuildTransferFunctionScriptingTraits (0ms)
		AnalyzeDomain (25ms)
			TypeCache.Refresh (8ms)
				TypeCache.ScanAssembly (0ms)
			ScanForSourceGeneratedMonoScriptInfo (0ms)
			ResolveRequiredComponents (15ms)
	FinalizeReload (3523ms)
		ReleaseScriptCaches (0ms)
		RebuildScriptCaches (0ms)
		SetupLoadedEditorAssemblies (633ms)
			LogAssemblyErrors (0ms)
			InitializePlatformSupportModulesInManaged (17ms)
			SetLoadedEditorAssemblies (8ms)
			RefreshPlugins (0ms)
			BeforeProcessingInitializeOnLoad (150ms)
			ProcessInitializeOnLoadAttributes (355ms)
			ProcessInitializeOnLoadMethodAttributes (87ms)
			AfterProcessingInitializeOnLoad (16ms)
			EditorAssembliesLoaded (0ms)
		ExecutionOrderSort2 (0ms)
		AwakeInstancesAfterBackupRestoration (26ms)
Refreshing native plugins compatible for Editor in 20.73 ms, found 3 plugins.
Preloading 0 native plugins for Editor in 0.00 ms.
Unloading 4908 Unused Serialized files (Serialized files now loaded: 0)
Unloading 31 unused Assets / (2.0 MB). Loaded Objects now: 5692.
Memory consumption went from 188.5 MB to 186.5 MB.
Total: 16.352800 ms (FindLiveObjects: 4.085600 ms CreateObjectMapping: 1.132500 ms MarkObjects: 9.610800 ms  DeleteObjects: 1.521100 ms)

Prepare: number of updated asset objects reloaded= 0
AssetImportParameters requested are different than current active one (requested -> active):
  custom:container-demuxer-ogg: 62fdf1f143b41e24485cea50d1cbac27 -> 
  custom:video-codec-MediaFoundation-h265: 746d11721c4dcdbdad8f713fa42b33f4 -> 
  custom:video-decoder-ogg-theora: a1e56fd34408186e4bbccfd4996cb3dc -> 
  custom:framework-win-MediaFoundation: 216162199b28c13a410421893ffa2e32 -> 
  custom:CustomObjectIndexerAttribute: 3ead1caaecf1c488f20bcfeb224b6af5 -> 
  custom:container-demuxer-webm: 4f35f7cbe854078d1ac9338744f61a02 -> 
  custom:container-muxer-webm: aa71ff27fc2769a1b78a27578f13a17b -> 
  custom:video-decoder-webm-vp8: 9c59270c3fd7afecdb556c50c9e8de78 -> 
  custom:SearchIndexIgnoredProperties: e643bd26f0fe6173181afceb89e7c659 -> 
  custom:AudioImporter_EditorPlatform: d09bf68614088b80899f8185d706f6e7 -> 
  custom:video-encoder-webm-vp8: eb34c28f22e8b96e1ab97ce403110664 -> 
  custom:audio-decoder-ogg-vorbis: bf7c407c2cedff20999df2af8eb42d56 -> 
  custom:audio-encoder-webm-vorbis: bf7c407c2cedff20999df2af8eb42d56 -> 
========================================================================
Received Prepare
Caller must complete domain reload
Begin MonoManager ReloadAssembly
- Loaded All Assemblies, in  0.755 seconds
Native extension for UWP target not found
Native extension for WindowsStandalone target not found
Native extension for WebGL target not found
Mono: successfully reloaded assembly
- Finished resetting the current domain, in  3.156 seconds
Domain Reload Profiling: 3901ms
	BeginReloadAssembly (210ms)
		ExecutionOrderSort (0ms)
		DisableScriptedObjects (5ms)
		BackupInstance (0ms)
		ReleaseScriptingObjects (0ms)
		CreateAndSetChildDomain (42ms)
	RebuildCommonClasses (49ms)
	RebuildNativeTypeToScriptingClass (12ms)
	initialDomainReloadingComplete (43ms)
	LoadAllAssembliesAndSetupDomain (431ms)
		LoadAssemblies (531ms)
		RebuildTransferFunctionScriptingTraits (0ms)
		AnalyzeDomain (21ms)
			TypeCache.Refresh (6ms)
				TypeCache.ScanAssembly (0ms)
			ScanForSourceGeneratedMonoScriptInfo (0ms)
			ResolveRequiredComponents (12ms)
	FinalizeReload (3156ms)
		ReleaseScriptCaches (0ms)
		RebuildScriptCaches (0ms)
		SetupLoadedEditorAssemblies (582ms)
			LogAssemblyErrors (0ms)
			InitializePlatformSupportModulesInManaged (20ms)
			SetLoadedEditorAssemblies (6ms)
			RefreshPlugins (0ms)
			BeforeProcessingInitializeOnLoad (110ms)
			ProcessInitializeOnLoadAttributes (356ms)
			ProcessInitializeOnLoadMethodAttributes (74ms)
			AfterProcessingInitializeOnLoad (16ms)
			EditorAssembliesLoaded (0ms)
		ExecutionOrderSort2 (0ms)
		AwakeInstancesAfterBackupRestoration (30ms)
Refreshing native plugins compatible for Editor in 13.32 ms, found 3 plugins.
Preloading 0 native plugins for Editor in 0.00 ms.
Unloading 4908 Unused Serialized files (Serialized files now loaded: 0)
Unloading 31 unused Assets / (2.0 MB). Loaded Objects now: 5696.
Memory consumption went from 188.5 MB to 186.5 MB.
Total: 11.605700 ms (FindLiveObjects: 0.801200 ms CreateObjectMapping: 0.785500 ms MarkObjects: 9.348300 ms  DeleteObjects: 0.668500 ms)

Prepare: number of updated asset objects reloaded= 0
AssetImportParameters requested are different than current active one (requested -> active):
  custom:container-demuxer-ogg: 62fdf1f143b41e24485cea50d1cbac27 -> 
  custom:video-codec-MediaFoundation-h265: 746d11721c4dcdbdad8f713fa42b33f4 -> 
  custom:video-decoder-ogg-theora: a1e56fd34408186e4bbccfd4996cb3dc -> 
  custom:framework-win-MediaFoundation: 216162199b28c13a410421893ffa2e32 -> 
  custom:CustomObjectIndexerAttribute: 3ead1caaecf1c488f20bcfeb224b6af5 -> 
  custom:container-demuxer-webm: 4f35f7cbe854078d1ac9338744f61a02 -> 
  custom:container-muxer-webm: aa71ff27fc2769a1b78a27578f13a17b -> 
  custom:video-decoder-webm-vp8: 9c59270c3fd7afecdb556c50c9e8de78 -> 
  custom:SearchIndexIgnoredProperties: e643bd26f0fe6173181afceb89e7c659 -> 
  custom:AudioImporter_EditorPlatform: d09bf68614088b80899f8185d706f6e7 -> 
  custom:video-encoder-webm-vp8: eb34c28f22e8b96e1ab97ce403110664 -> 
  custom:audio-decoder-ogg-vorbis: bf7c407c2cedff20999df2af8eb42d56 -> 
  custom:audio-encoder-webm-vorbis: bf7c407c2cedff20999df2af8eb42d56 -> 
========================================================================
Received Import Request.
  Time since last request: 3604.666173 seconds.
  path: Assets/Scenes/Forest.unity
  artifactKey: Guid(f18074124bf8d7f48bacd53d86cabf2d) Importer(815301076,1909f56bfc062723c751e8b465ee728b)
Start importing Assets/Scenes/Forest.unity using Guid(f18074124bf8d7f48bacd53d86cabf2d) Importer(815301076,1909f56bfc062723c751e8b465ee728b) [PhysX] Initialized MultithreadedTaskDispatcher with 8 workers.
 -> (artifact id: '9eb661a8372a1cca22f7184239a01725') in 0.064199 seconds
Number of updated asset objects reloaded before import = 0
Number of asset objects unloaded after import = 0
========================================================================
Received Import Request.
  Time since last request: 15.937966 seconds.
  path: Assets/Scenes/Jardin.unity
  artifactKey: Guid(c0a9148bd5389884b9eb09fac735fba9) Importer(815301076,1909f56bfc062723c751e8b465ee728b)
Start importing Assets/Scenes/Jardin.unity using Guid(c0a9148bd5389884b9eb09fac735fba9) Importer(815301076,1909f56bfc062723c751e8b465ee728b) [PhysX] Initialized MultithreadedTaskDispatcher with 8 workers.
 -> (artifact id: 'ee73ac1accbb4505ce184a5aed16f43d') in 0.002692 seconds
Number of updated asset objects reloaded before import = 0
Number of asset objects unloaded after import = 0
========================================================================
Received Prepare
Caller must complete domain reload
Begin MonoManager ReloadAssembly
- Loaded All Assemblies, in  2.206 seconds
Native extension for UWP target not found
Native extension for WindowsStandalone target not found
Native extension for WebGL target not found
Mono: successfully reloaded assembly
- Finished resetting the current domain, in  4.689 seconds
Domain Reload Profiling: 6895ms
	BeginReloadAssembly (681ms)
		ExecutionOrderSort (0ms)
		DisableScriptedObjects (14ms)
		BackupInstance (0ms)
		ReleaseScriptingObjects (1ms)
		CreateAndSetChildDomain (247ms)
	RebuildCommonClasses (53ms)
	RebuildNativeTypeToScriptingClass (14ms)
	initialDomainReloadingComplete (62ms)
	LoadAllAssembliesAndSetupDomain (1395ms)
		LoadAssemblies (1676ms)
		RebuildTransferFunctionScriptingTraits (0ms)
		AnalyzeDomain (54ms)
			TypeCache.Refresh (21ms)
				TypeCache.ScanAssembly (0ms)
			ScanForSourceGeneratedMonoScriptInfo (0ms)
			ResolveRequiredComponents (31ms)
	FinalizeReload (4690ms)
		ReleaseScriptCaches (0ms)
		RebuildScriptCaches (0ms)
		SetupLoadedEditorAssemblies (1393ms)
			LogAssemblyErrors (0ms)
			InitializePlatformSupportModulesInManaged (51ms)
			SetLoadedEditorAssemblies (18ms)
			RefreshPlugins (0ms)
			BeforeProcessingInitializeOnLoad (227ms)
			ProcessInitializeOnLoadAttributes (856ms)
			ProcessInitializeOnLoadMethodAttributes (210ms)
			AfterProcessingInitializeOnLoad (29ms)
			EditorAssembliesLoaded (1ms)
		ExecutionOrderSort2 (0ms)
		AwakeInstancesAfterBackupRestoration (56ms)
Refreshing native plugins compatible for Editor in 17.03 ms, found 3 plugins.
Preloading 0 native plugins for Editor in 0.00 ms.
Unloading 4908 Unused Serialized files (Serialized files now loaded: 0)
Unloading 31 unused Assets / (2.0 MB). Loaded Objects now: 5700.
Memory consumption went from 188.5 MB to 186.5 MB.
Total: 17.610700 ms (FindLiveObjects: 1.879500 ms CreateObjectMapping: 1.090700 ms MarkObjects: 13.665300 ms  DeleteObjects: 0.972600 ms)

Prepare: number of updated asset objects reloaded= 0
AssetImportParameters requested are different than current active one (requested -> active):
  custom:container-demuxer-ogg: 62fdf1f143b41e24485cea50d1cbac27 -> 
  custom:video-codec-MediaFoundation-h265: 746d11721c4dcdbdad8f713fa42b33f4 -> 
  custom:video-decoder-ogg-theora: a1e56fd34408186e4bbccfd4996cb3dc -> 
  custom:framework-win-MediaFoundation: 216162199b28c13a410421893ffa2e32 -> 
  custom:CustomObjectIndexerAttribute: 3ead1caaecf1c488f20bcfeb224b6af5 -> 
  custom:container-demuxer-webm: 4f35f7cbe854078d1ac9338744f61a02 -> 
  custom:container-muxer-webm: aa71ff27fc2769a1b78a27578f13a17b -> 
  custom:video-decoder-webm-vp8: 9c59270c3fd7afecdb556c50c9e8de78 -> 
  custom:SearchIndexIgnoredProperties: e643bd26f0fe6173181afceb89e7c659 -> 
  custom:AudioImporter_EditorPlatform: d09bf68614088b80899f8185d706f6e7 -> 
  custom:video-encoder-webm-vp8: eb34c28f22e8b96e1ab97ce403110664 -> 
  custom:audio-decoder-ogg-vorbis: bf7c407c2cedff20999df2af8eb42d56 -> 
  custom:audio-encoder-webm-vorbis: bf7c407c2cedff20999df2af8eb42d56 -> 
========================================================================
Received Import Request.
  Time since last request: 1156.974145 seconds.
  path: Assets/Scenes/Jardin.unity
  artifactKey: Guid(c0a9148bd5389884b9eb09fac735fba9) Importer(815301076,1909f56bfc062723c751e8b465ee728b)
Start importing Assets/Scenes/Jardin.unity using Guid(c0a9148bd5389884b9eb09fac735fba9) Importer(815301076,1909f56bfc062723c751e8b465ee728b) [PhysX] Initialized MultithreadedTaskDispatcher with 8 workers.
 -> (artifact id: 'afe9237913223ad235ce5bc91e7f890e') in 0.465382 seconds
Number of updated asset objects reloaded before import = 0
Number of asset objects unloaded after import = 0
========================================================================
Received Prepare
Caller must complete domain reload
Begin MonoManager ReloadAssembly
- Loaded All Assemblies, in  3.651 seconds
Native extension for UWP target not found
Native extension for WindowsStandalone target not found
Native extension for WebGL target not found
Mono: successfully reloaded assembly
- Finished resetting the current domain, in  6.299 seconds
Domain Reload Profiling: 9946ms
	BeginReloadAssembly (1330ms)
		ExecutionOrderSort (0ms)
		DisableScriptedObjects (38ms)
		BackupInstance (0ms)
		ReleaseScriptingObjects (4ms)
		CreateAndSetChildDomain (643ms)
	RebuildCommonClasses (122ms)
	RebuildNativeTypeToScriptingClass (26ms)
	initialDomainReloadingComplete (148ms)
	LoadAllAssembliesAndSetupDomain (2019ms)
		LoadAssemblies (2387ms)
		RebuildTransferFunctionScriptingTraits (0ms)
		AnalyzeDomain (90ms)
			TypeCache.Refresh (35ms)
				TypeCache.ScanAssembly (0ms)
			ScanForSourceGeneratedMonoScriptInfo (1ms)
			ResolveRequiredComponents (49ms)
	FinalizeReload (6300ms)
		ReleaseScriptCaches (0ms)
		RebuildScriptCaches (0ms)
		SetupLoadedEditorAssemblies (1162ms)
			LogAssemblyErrors (0ms)
			InitializePlatformSupportModulesInManaged (35ms)
			SetLoadedEditorAssemblies (13ms)
			RefreshPlugins (0ms)
			BeforeProcessingInitializeOnLoad (210ms)
			ProcessInitializeOnLoadAttributes (733ms)
			ProcessInitializeOnLoadMethodAttributes (144ms)
			AfterProcessingInitializeOnLoad (26ms)
			EditorAssembliesLoaded (1ms)
		ExecutionOrderSort2 (0ms)
		AwakeInstancesAfterBackupRestoration (51ms)
Refreshing native plugins compatible for Editor in 18.68 ms, found 3 plugins.
Preloading 0 native plugins for Editor in 0.00 ms.
Unloading 4908 Unused Serialized files (Serialized files now loaded: 0)
Unloading 31 unused Assets / (2.0 MB). Loaded Objects now: 5704.
Memory consumption went from 188.5 MB to 186.5 MB.
Total: 15.134900 ms (FindLiveObjects: 1.147000 ms CreateObjectMapping: 1.357200 ms MarkObjects: 11.029700 ms  DeleteObjects: 1.597600 ms)

Prepare: number of updated asset objects reloaded= 0
AssetImportParameters requested are different than current active one (requested -> active):
  custom:container-demuxer-ogg: 62fdf1f143b41e24485cea50d1cbac27 -> 
  custom:video-codec-MediaFoundation-h265: 746d11721c4dcdbdad8f713fa42b33f4 -> 
  custom:video-decoder-ogg-theora: a1e56fd34408186e4bbccfd4996cb3dc -> 
  custom:framework-win-MediaFoundation: 216162199b28c13a410421893ffa2e32 -> 
  custom:CustomObjectIndexerAttribute: 3ead1caaecf1c488f20bcfeb224b6af5 -> 
  custom:container-demuxer-webm: 4f35f7cbe854078d1ac9338744f61a02 -> 
  custom:container-muxer-webm: aa71ff27fc2769a1b78a27578f13a17b -> 
  custom:video-decoder-webm-vp8: 9c59270c3fd7afecdb556c50c9e8de78 -> 
  custom:SearchIndexIgnoredProperties: e643bd26f0fe6173181afceb89e7c659 -> 
  custom:AudioImporter_EditorPlatform: d09bf68614088b80899f8185d706f6e7 -> 
  custom:video-encoder-webm-vp8: eb34c28f22e8b96e1ab97ce403110664 -> 
  custom:audio-decoder-ogg-vorbis: bf7c407c2cedff20999df2af8eb42d56 -> 
  custom:audio-encoder-webm-vorbis: bf7c407c2cedff20999df2af8eb42d56 -> 
========================================================================
Received Import Request.
  Time since last request: 963.240356 seconds.
  path: Assets/Scenes/Forest.unity
  artifactKey: Guid(f18074124bf8d7f48bacd53d86cabf2d) Importer(815301076,1909f56bfc062723c751e8b465ee728b)
Start importing Assets/Scenes/Forest.unity using Guid(f18074124bf8d7f48bacd53d86cabf2d) Importer(815301076,1909f56bfc062723c751e8b465ee728b) [PhysX] Initialized MultithreadedTaskDispatcher with 8 workers.
 -> (artifact id: '25e166b9ee45603c008702ecb3fe740b') in 0.199567 seconds
Number of updated asset objects reloaded before import = 0
Number of asset objects unloaded after import = 0
========================================================================
Received Prepare
Caller must complete domain reload
Begin MonoManager ReloadAssembly
- Loaded All Assemblies, in  4.371 seconds
Native extension for UWP target not found
Native extension for WindowsStandalone target not found
Native extension for WebGL target not found
Mono: successfully reloaded assembly
- Finished resetting the current domain, in  5.444 seconds
Domain Reload Profiling: 9844ms
	BeginReloadAssembly (1561ms)
		ExecutionOrderSort (0ms)
		DisableScriptedObjects (53ms)
		BackupInstance (0ms)
		ReleaseScriptingObjects (2ms)
		CreateAndSetChildDomain (723ms)
	RebuildCommonClasses (129ms)
	RebuildNativeTypeToScriptingClass (24ms)
	initialDomainReloadingComplete (116ms)
	LoadAllAssembliesAndSetupDomain (2570ms)
		LoadAssemblies (3022ms)
		RebuildTransferFunctionScriptingTraits (0ms)
		AnalyzeDomain (93ms)
			TypeCache.Refresh (29ms)
				TypeCache.ScanAssembly (0ms)
			ScanForSourceGeneratedMonoScriptInfo (0ms)
			ResolveRequiredComponents (59ms)
	FinalizeReload (5444ms)
		ReleaseScriptCaches (0ms)
		RebuildScriptCaches (0ms)
		SetupLoadedEditorAssemblies (980ms)
			LogAssemblyErrors (0ms)
			InitializePlatformSupportModulesInManaged (28ms)
			SetLoadedEditorAssemblies (9ms)
			RefreshPlugins (0ms)
			BeforeProcessingInitializeOnLoad (216ms)
			ProcessInitializeOnLoadAttributes (594ms)
			ProcessInitializeOnLoadMethodAttributes (112ms)
			AfterProcessingInitializeOnLoad (21ms)
			EditorAssembliesLoaded (0ms)
		ExecutionOrderSort2 (0ms)
		AwakeInstancesAfterBackupRestoration (53ms)
Refreshing native plugins compatible for Editor in 13.07 ms, found 3 plugins.
Preloading 0 native plugins for Editor in 0.00 ms.
Unloading 4908 Unused Serialized files (Serialized files now loaded: 0)
Unloading 31 unused Assets / (2.0 MB). Loaded Objects now: 5708.
Memory consumption went from 188.5 MB to 186.5 MB.
Total: 12.049400 ms (FindLiveObjects: 1.098200 ms CreateObjectMapping: 0.962300 ms MarkObjects: 7.619100 ms  DeleteObjects: 2.366200 ms)

Prepare: number of updated asset objects reloaded= 0
AssetImportParameters requested are different than current active one (requested -> active):
  custom:container-demuxer-ogg: 62fdf1f143b41e24485cea50d1cbac27 -> 
  custom:video-codec-MediaFoundation-h265: 746d11721c4dcdbdad8f713fa42b33f4 -> 
  custom:video-decoder-ogg-theora: a1e56fd34408186e4bbccfd4996cb3dc -> 
  custom:framework-win-MediaFoundation: 216162199b28c13a410421893ffa2e32 -> 
  custom:CustomObjectIndexerAttribute: 3ead1caaecf1c488f20bcfeb224b6af5 -> 
  custom:container-demuxer-webm: 4f35f7cbe854078d1ac9338744f61a02 -> 
  custom:container-muxer-webm: aa71ff27fc2769a1b78a27578f13a17b -> 
  custom:video-decoder-webm-vp8: 9c59270c3fd7afecdb556c50c9e8de78 -> 
  custom:SearchIndexIgnoredProperties: e643bd26f0fe6173181afceb89e7c659 -> 
  custom:AudioImporter_EditorPlatform: d09bf68614088b80899f8185d706f6e7 -> 
  custom:video-encoder-webm-vp8: eb34c28f22e8b96e1ab97ce403110664 -> 
  custom:audio-decoder-ogg-vorbis: bf7c407c2cedff20999df2af8eb42d56 -> 
  custom:audio-encoder-webm-vorbis: bf7c407c2cedff20999df2af8eb42d56 -> 
========================================================================
Received Import Request.
  Time since last request: 382.902788 seconds.
  path: Assets/juan xd/Forest
  artifactKey: Guid(18be28243d83be0418c3d98a6aef3ca3) Importer(815301076,1909f56bfc062723c751e8b465ee728b)
Start importing Assets/juan xd/Forest using Guid(18be28243d83be0418c3d98a6aef3ca3) Importer(815301076,1909f56bfc062723c751e8b465ee728b) [PhysX] Initialized MultithreadedTaskDispatcher with 8 workers.
 -> (artifact id: 'a423439aeba747e3fef9978d2f593f09') in 0.038494 seconds
Number of updated asset objects reloaded before import = 0
Number of asset objects unloaded after import = 0
========================================================================
Received Import Request.
  Time since last request: 0.370441 seconds.
  path: Assets/juan xd/Forest/NavMesh.asset
  artifactKey: Guid(108643ac42babdb40ae5e84e3ffe9b32) Importer(815301076,1909f56bfc062723c751e8b465ee728b)
Start importing Assets/juan xd/Forest/NavMesh.asset using Guid(108643ac42babdb40ae5e84e3ffe9b32) Importer(815301076,1909f56bfc062723c751e8b465ee728b) [PhysX] Initialized MultithreadedTaskDispatcher with 8 workers.
 -> (artifact id: '8c790b9d45518be3add4e7b1f785cab1') in 0.179179 seconds
Number of updated asset objects reloaded before import = 0
Number of asset objects unloaded after import = 1
========================================================================
Received Import Request.
  Time since last request: 5.317481 seconds.
  path: Assets/juan xd/TriForge Assets
  artifactKey: Guid(925824c37e904e84f9f140a7e965714c) Importer(815301076,1909f56bfc062723c751e8b465ee728b)
Start importing Assets/juan xd/TriForge Assets using Guid(925824c37e904e84f9f140a7e965714c) Importer(815301076,1909f56bfc062723c751e8b465ee728b) [PhysX] Initialized MultithreadedTaskDispatcher with 8 workers.
 -> (artifact id: '96a4d8c85fdd8d903db5e44ec564fe03') in 0.002809 seconds
Number of updated asset objects reloaded before import = 0
Number of asset objects unloaded after import = 0
========================================================================
Received Import Request.
  Time since last request: 2.224823 seconds.
  path: Assets/juan xd/TriForge Assets/Fantasy Worlds - DEMO Content
  artifactKey: Guid(9101c4cb025f8614c9d2b7baf0ad4144) Importer(815301076,1909f56bfc062723c751e8b465ee728b)
Start importing Assets/juan xd/TriForge Assets/Fantasy Worlds - DEMO Content using Guid(9101c4cb025f8614c9d2b7baf0ad4144) Importer(815301076,1909f56bfc062723c751e8b465ee728b) [PhysX] Initialized MultithreadedTaskDispatcher with 8 workers.
 -> (artifact id: 'a4567830e13db35fa38a9ee81b3c5a16') in 0.002401 seconds
Number of updated asset objects reloaded before import = 0
Number of asset objects unloaded after import = 0
========================================================================
Received Import Request.
  Time since last request: 2.691354 seconds.
  path: Assets/juan xd/TriForge Assets/Fantasy Worlds - DEMO Content/Materials
  artifactKey: Guid(f06fbee3309bc814fa427259069c9411) Importer(815301076,1909f56bfc062723c751e8b465ee728b)
Start importing Assets/juan xd/TriForge Assets/Fantasy Worlds - DEMO Content/Materials using Guid(f06fbee3309bc814fa427259069c9411) Importer(815301076,1909f56bfc062723c751e8b465ee728b) [PhysX] Initialized MultithreadedTaskDispatcher with 8 workers.
 -> (artifact id: '112ff61cd656222505e19331d2720252') in 0.003379 seconds
Number of updated asset objects reloaded before import = 0
Number of asset objects unloaded after import = 0
========================================================================
Received Import Request.
  Time since last request: 0.154186 seconds.
  path: Assets/juan xd/TriForge Assets/Fantasy Worlds - DEMO Content/Materials/M_fwOF_ForestPlants_01.mat
  artifactKey: Guid(4699785cfae895b4bb847f70d98bb855) Importer(815301076,1909f56bfc062723c751e8b465ee728b)
Start importing Assets/juan xd/TriForge Assets/Fantasy Worlds - DEMO Content/Materials/M_fwOF_ForestPlants_01.mat using Guid(4699785cfae895b4bb847f70d98bb855) Importer(815301076,1909f56bfc062723c751e8b465ee728b) [PhysX] Initialized MultithreadedTaskDispatcher with 8 workers.
[PhysX] Initialized MultithreadedTaskDispatcher with 8 workers.
 -> (artifact id: '1e4b91d4ff173fd30b094c4f40c25009') in 4.684391 seconds
Number of updated asset objects reloaded before import = 0
Number of asset objects unloaded after import = 26
========================================================================
Received Import Request.
  Time since last request: 0.007986 seconds.
  path: Assets/juan xd/TriForge Assets/Fantasy Worlds - DEMO Content/Materials/M_fwOF_Leaf_Branches_01.mat
  artifactKey: Guid(ee4f6530b00c2944680137afac5a86e6) Importer(815301076,1909f56bfc062723c751e8b465ee728b)
Start importing Assets/juan xd/TriForge Assets/Fantasy Worlds - DEMO Content/Materials/M_fwOF_Leaf_Branches_01.mat using Guid(ee4f6530b00c2944680137afac5a86e6) Importer(815301076,1909f56bfc062723c751e8b465ee728b) [PhysX] Initialized MultithreadedTaskDispatcher with 8 workers.
[PhysX] Initialized MultithreadedTaskDispatcher with 8 workers.
 -> (artifact id: '2e1c8e978e2170b3c6452ce528e65613') in 10.473546 seconds
Number of updated asset objects reloaded before import = 0
Number of asset objects unloaded after import = 4
========================================================================
Received Import Request.
  Time since last request: 18.725104 seconds.
  path: Assets/juan xd/TriForge Assets/Fantasy Worlds - DEMO Common Files/Textures/T_fw_Wind_Map_Strength.png
  artifactKey: Guid(378eb7a6f1fcee54e90afb0250e0e090) Importer(815301076,1909f56bfc062723c751e8b465ee728b)
Start importing Assets/juan xd/TriForge Assets/Fantasy Worlds - DEMO Common Files/Textures/T_fw_Wind_Map_Strength.png using Guid(378eb7a6f1fcee54e90afb0250e0e090) Importer(815301076,1909f56bfc062723c751e8b465ee728b) [PhysX] Initialized MultithreadedTaskDispatcher with 8 workers.
[PhysX] Initialized MultithreadedTaskDispatcher with 8 workers.
 -> (artifact id: '7741f3eb2b040a95b8328fd6ebc1ecf1') in 1.109998 seconds
Number of updated asset objects reloaded before import = 0
Number of asset objects unloaded after import = 2
========================================================================
Received Import Request.
  Time since last request: 78.433059 seconds.
  path: Assets/juan xd/TriForge Assets/Fantasy Worlds - DEMO Content/Textures/T_fwOF_Rocks_01_N.png
  artifactKey: Guid(1dad65dba40550c45a25bbdb3b9b750d) Importer(815301076,1909f56bfc062723c751e8b465ee728b)
Start importing Assets/juan xd/TriForge Assets/Fantasy Worlds - DEMO Content/Textures/T_fwOF_Rocks_01_N.png using Guid(1dad65dba40550c45a25bbdb3b9b750d) Importer(815301076,1909f56bfc062723c751e8b465ee728b) [PhysX] Initialized MultithreadedTaskDispatcher with 8 workers.
[PhysX] Initialized MultithreadedTaskDispatcher with 8 workers.
 -> (artifact id: '6cbc671166c0795f0575672065726f66') in 0.184852 seconds
Number of updated asset objects reloaded before import = 0
Number of asset objects unloaded after import = 2
========================================================================
Received Import Request.
  Time since last request: 3.448680 seconds.
  path: Assets/juan xd/TriForge Assets/Fantasy Worlds - DEMO Content/Textures/Trees/T_fwOF_Leaf_Branch_N.png
  artifactKey: Guid(3c1b7a8a04dde2e428828ad3b7325f3a) Importer(815301076,1909f56bfc062723c751e8b465ee728b)
Start importing Assets/juan xd/TriForge Assets/Fantasy Worlds - DEMO Content/Textures/Trees/T_fwOF_Leaf_Branch_N.png using Guid(3c1b7a8a04dde2e428828ad3b7325f3a) Importer(815301076,1909f56bfc062723c751e8b465ee728b) [PhysX] Initialized MultithreadedTaskDispatcher with 8 workers.
[PhysX] Initialized MultithreadedTaskDispatcher with 8 workers.
 -> (artifact id: 'aa3b175649930bc353c6b9b76000dee6') in 0.039552 seconds
Number of updated asset objects reloaded before import = 0
Number of asset objects unloaded after import = 2
========================================================================
Received Import Request.
  Time since last request: 11.684493 seconds.
  path: Assets/juan xd/TriForge Assets/Fantasy Worlds - DEMO Content/Textures/T_fwOF_Rocks_01_MAOS.png
  artifactKey: Guid(ada26fdb50c323d4d8cb596b14d5008a) Importer(815301076,1909f56bfc062723c751e8b465ee728b)
Start importing Assets/juan xd/TriForge Assets/Fantasy Worlds - DEMO Content/Textures/T_fwOF_Rocks_01_MAOS.png using Guid(ada26fdb50c323d4d8cb596b14d5008a) Importer(815301076,1909f56bfc062723c751e8b465ee728b) [PhysX] Initialized MultithreadedTaskDispatcher with 8 workers.
[PhysX] Initialized MultithreadedTaskDispatcher with 8 workers.
 -> (artifact id: 'aeca6080608d878721a4df25c81c28d9') in 0.144722 seconds
Number of updated asset objects reloaded before import = 0
Number of asset objects unloaded after import = 2
========================================================================
Received Import Request.
  Time since last request: 0.000401 seconds.
  path: Assets/juan xd/TriForge Assets/Fantasy Worlds - DEMO Content/Textures/Terrain/T_fwOF_Moss_02_Mask.png
  artifactKey: Guid(2ff8d4ae973995647848916587b87dd9) Importer(815301076,1909f56bfc062723c751e8b465ee728b)
Start importing Assets/juan xd/TriForge Assets/Fantasy Worlds - DEMO Content/Textures/Terrain/T_fwOF_Moss_02_Mask.png using Guid(2ff8d4ae973995647848916587b87dd9) Importer(815301076,1909f56bfc062723c751e8b465ee728b) [PhysX] Initialized MultithreadedTaskDispatcher with 8 workers.
[PhysX] Initialized MultithreadedTaskDispatcher with 8 workers.
 -> (artifact id: '488f0ac0291ebcd9e0eeb2cb459e574a') in 0.030524 seconds
Number of updated asset objects reloaded before import = 0
Number of asset objects unloaded after import = 2
========================================================================
Received Import Request.
  Time since last request: 5.957090 seconds.
  path: Assets/juan xd/TriForge Assets/Fantasy Worlds - DEMO Content/Textures/Trees/T_fwOF_SaplingBark_01_N.png
  artifactKey: Guid(7dd82c83c428c704ab20d7cd6cb31185) Importer(815301076,1909f56bfc062723c751e8b465ee728b)
Start importing Assets/juan xd/TriForge Assets/Fantasy Worlds - DEMO Content/Textures/Trees/T_fwOF_SaplingBark_01_N.png using Guid(7dd82c83c428c704ab20d7cd6cb31185) Importer(815301076,1909f56bfc062723c751e8b465ee728b) [PhysX] Initialized MultithreadedTaskDispatcher with 8 workers.
[PhysX] Initialized MultithreadedTaskDispatcher with 8 workers.
 -> (artifact id: 'a4ff3e6bdbfdb6cfc5f0ee5dcbed1157') in 0.040241 seconds
Number of updated asset objects reloaded before import = 0
Number of asset objects unloaded after import = 2
========================================================================
Received Import Request.
  Time since last request: 8.583106 seconds.
  path: Assets/juan xd/TriForge Assets/Fantasy Worlds - DEMO Content/Textures/Trees/T_fwOF_Tree_Med_02_N_1.png
  artifactKey: Guid(483e8fa5ab2104d4a9324bd435ab2754) Importer(815301076,1909f56bfc062723c751e8b465ee728b)
Start importing Assets/juan xd/TriForge Assets/Fantasy Worlds - DEMO Content/Textures/Trees/T_fwOF_Tree_Med_02_N_1.png using Guid(483e8fa5ab2104d4a9324bd435ab2754) Importer(815301076,1909f56bfc062723c751e8b465ee728b) [PhysX] Initialized MultithreadedTaskDispatcher with 8 workers.
[PhysX] Initialized MultithreadedTaskDispatcher with 8 workers.
 -> (artifact id: '12f52f2748594a32d08b4c0627a9b15a') in 0.116045 seconds
Number of updated asset objects reloaded before import = 0
Number of asset objects unloaded after import = 2
========================================================================
Received Import Request.
  Time since last request: 2.755447 seconds.
  path: Assets/juan xd/TriForge Assets/Fantasy Worlds - DEMO Content/Textures/Trees/T_fwOF_Tree_Med_02_N_2.png
  artifactKey: Guid(33f4199e01a9e324399cb7adab2ab0c6) Importer(815301076,1909f56bfc062723c751e8b465ee728b)
Start importing Assets/juan xd/TriForge Assets/Fantasy Worlds - DEMO Content/Textures/Trees/T_fwOF_Tree_Med_02_N_2.png using Guid(33f4199e01a9e324399cb7adab2ab0c6) Importer(815301076,1909f56bfc062723c751e8b465ee728b) [PhysX] Initialized MultithreadedTaskDispatcher with 8 workers.
[PhysX] Initialized MultithreadedTaskDispatcher with 8 workers.
 -> (artifact id: '3bf949651e70d670e8c9529adbcef596') in 0.127657 seconds
Number of updated asset objects reloaded before import = 0
Number of asset objects unloaded after import = 2
Editor requested this worker to shutdown with reason: Scaling down because of idle timeout
TcpMessagingSession - receive error
AssetImportWorkerClient::OnTransportError - code=2 error=End of file
AssetImportWorker is now disconnected from the server
Process exiting
Exiting without the bug reporter. Application will terminate with return code 0